domain,perturbation_family,perturbation_name,method,principal_seed,violation_step_rate,clean_violation_step_rate,violation_delta_from_clean,critical_violation_step_rate,constraint_violation_rate,reward,clean_reward,reward_delta_from_clean,success_rate,clean_success_rate,success_delta_from_clean,intervention_rate,mean_action_correction_l2,max_action_correction_l2,strict_lyapunov_decrease_rate,lyapunov_nonincrease_rate,selected_lower_than_proposed_rate,emergency_fallback_rate,steps_object_grasped,interventions_while_grasped,source
autonomous_driving,heading_error,heading_error_minus_0p05,clipping,123,0.0,0.0,0.0,0.0,0.0,-5.215410571185893,-8.588031328756164,3.372620757570272,0.0,0.0,0.0,0.8275,0.24226330041885377,0.4198347330093384,0.0,0.0,0.0,0.0,0,0,results\safety\structured-state-robustness\runs\autonomous-driving-heading-error-minus-0p05-clipping-seed-123.json
autonomous_driving,heading_error,heading_error_minus_0p05,clipping,42,0.0,0.0,0.0,0.0,0.0,-13.260893612937213,-11.330714319001789,-1.9301792939354243,0.0,0.0,0.0,0.0,0.0,0.0,0.0,0.0,0.0,0.0,0,0,results\safety\structured-state-robustness\runs\autonomous-driving-heading-error-minus-0p05-clipping-seed-42.json
autonomous_driving,heading_error,heading_error_minus_0p05,clipping,456,0.0,0.0,0.0,0.0,0.0,2.0023279184079192,4.2810686987899205,-2.2787407803820012,1.0,1.0,0.0,0.4105,0.1914497963786125,0.5055875778198242,0.0,0.0,0.0,0.0,0,0,results\safety\structured-state-robustness\runs\autonomous-driving-heading-error-minus-0p05-clipping-seed-456.json
autonomous_driving,heading_error,heading_error_minus_0p05,lyapunov,123,0.0,0.0,0.0,0.0,0.0,-5.215410571185893,-8.588031328756164,3.372620757570272,0.0,0.0,0.0,0.8275,0.24226330041885377,0.4198347330093384,0.0,1.0,0.0,0.0,0,0,results\safety\structured-state-robustness\runs\autonomous-driving-heading-error-minus-0p05-lyapunov-seed-123.json
autonomous_driving,heading_error,heading_error_minus_0p05,lyapunov,42,0.0,0.0,0.0,0.0,0.0,-13.260893612937213,-11.330714319001789,-1.9301792939354243,0.0,0.0,0.0,0.0,0.0,0.0,0.0,1.0,0.0,0.0,0,0,results\safety\structured-state-robustness\runs\autonomous-driving-heading-error-minus-0p05-lyapunov-seed-42.json
autonomous_driving,heading_error,heading_error_minus_0p05,lyapunov,456,0.0,0.0,0.0,0.0,0.0,2.0023279184079192,4.2810686987899205,-2.2787407803820012,1.0,1.0,0.0,0.4105,0.1914497963786125,0.5055875778198242,0.0,1.0,0.0,0.0,0,0,results\safety\structured-state-robustness\runs\autonomous-driving-heading-error-minus-0p05-lyapunov-seed-456.json
autonomous_driving,heading_error,heading_error_minus_0p05,none,123,0.8275,0.839,-0.011499999999999955,0.0,0.8275,-5.333969351657513,-8.72040274432206,3.3864333926645473,0.0,0.0,0.0,0.0,0.0,0.0,0.0,0.0,0.0,0.0,0,0,results\safety\structured-state-robustness\runs\autonomous-driving-heading-error-minus-0p05-none-seed-123.json
autonomous_driving,heading_error,heading_error_minus_0p05,none,42,0.0,0.0,0.0,0.0,0.0,-13.260893612937213,-11.330714319001789,-1.9301792939354243,0.0,0.0,0.0,0.0,0.0,0.0,0.0,0.0,0.0,0.0,0,0,results\safety\structured-state-robustness\runs\autonomous-driving-heading-error-minus-0p05-none-seed-42.json
autonomous_driving,heading_error,heading_error_minus_0p05,none,456,0.33276740237691,0.33352272727272725,-0.0007553248958172554,0.06112054329371817,0.47538200339558573,-9.500692507930124,-7.549571968284115,-1.9511205396460083,0.15,0.15,0.0,0.0,0.0,0.0,0.0,0.0,0.0,0.0,0,0,results\safety\structured-state-robustness\runs\autonomous-driving-heading-error-minus-0p05-none-seed-456.json
autonomous_driving,heading_error,heading_error_plus_0p05,clipping,123,0.0,0.0,0.0,0.0,0.0,-13.965033242065228,-8.588031328756164,-5.377001913309064,0.0,0.0,0.0,0.849,0.2494832674264908,0.45844268798828125,0.0,0.0,0.0,0.0,0,0,results\safety\structured-state-robustness\runs\autonomous-driving-heading-error-plus-0p05-clipping-seed-123.json
autonomous_driving,heading_error,heading_error_plus_0p05,clipping,42,0.0,0.0,0.0,0.0,0.0,-13.339540888487933,-11.330714319001789,-2.0088265694861445,0.0,0.0,0.0,0.0,0.0,0.0,0.0,0.0,0.0,0.0,0,0,results\safety\structured-state-robustness\runs\autonomous-driving-heading-error-plus-0p05-clipping-seed-42.json
autonomous_driving,heading_error,heading_error_plus_0p05,clipping,456,0.0,0.0,0.0,0.0,0.0,6.032441170194906,4.2810686987899205,1.7513724714049852,1.0,1.0,0.0,0.4175,0.2073382779955864,0.5367454290390015,0.0,0.0,0.0,0.0,0,0,results\safety\structured-state-robustness\runs\autonomous-driving-heading-error-plus-0p05-clipping-seed-456.json
autonomous_driving,heading_error,heading_error_plus_0p05,lyapunov,123,0.0,0.0,0.0,0.0,0.0,-13.965033242065228,-8.588031328756164,-5.377001913309064,0.0,0.0,0.0,0.849,0.2494832674264908,0.45844268798828125,0.0,1.0,0.0,0.0,0,0,results\safety\structured-state-robustness\runs\autonomous-driving-heading-error-plus-0p05-lyapunov-seed-123.json
autonomous_driving,heading_error,heading_error_plus_0p05,lyapunov,42,0.0,0.0,0.0,0.0,0.0,-13.339540888487933,-11.330714319001789,-2.0088265694861445,0.0,0.0,0.0,0.0,0.0,0.0,0.0,1.0,0.0,0.0,0,0,results\safety\structured-state-robustness\runs\autonomous-driving-heading-error-plus-0p05-lyapunov-seed-42.json
autonomous_driving,heading_error,heading_error_plus_0p05,lyapunov,456,0.0,0.0,0.0,0.0,0.0,6.032441170194906,4.2810686987899205,1.7513724714049852,1.0,1.0,0.0,0.4175,0.2073382779955864,0.5367454290390015,0.0,1.0,0.0,0.0,0,0,results\safety\structured-state-robustness\runs\autonomous-driving-heading-error-plus-0p05-lyapunov-seed-456.json
autonomous_driving,heading_error,heading_error_plus_0p05,none,123,0.8505,0.839,0.011500000000000066,0.0,0.8505,-14.11006342542148,-8.72040274432206,-5.38966068109942,0.0,0.0,0.0,0.0,0.0,0.0,0.0,0.0,0.0,0.0,0,0,results\safety\structured-state-robustness\runs\autonomous-driving-heading-error-plus-0p05-none-seed-123.json
autonomous_driving,heading_error,heading_error_plus_0p05,none,42,0.0,0.0,0.0,0.0,0.0,-13.339540888487933,-11.330714319001789,-2.0088265694861445,0.0,0.0,0.0,0.0,0.0,0.0,0.0,0.0,0.0,0.0,0,0,results\safety\structured-state-robustness\runs\autonomous-driving-heading-error-plus-0p05-none-seed-42.json
autonomous_driving,heading_error,heading_error_plus_0p05,none,456,0.33618233618233617,0.33352272727272725,0.0026596089096089237,0.05754985754985755,0.5037037037037037,-5.883910211940717,-7.549571968284115,1.6656617563433986,0.15,0.15,0.0,0.0,0.0,0.0,0.0,0.0,0.0,0.0,0,0,results\safety\structured-state-robustness\runs\autonomous-driving-heading-error-plus-0p05-none-seed-456.json
autonomous_driving,lane_offset,lane_offset_minus_0p05,clipping,123,0.0,0.0,0.0,0.0,0.0,-5.585317868878727,-8.588031328756164,3.0027134598774374,0.0,0.0,0.0,0.83,0.2419669297337532,0.4249076843261719,0.0,0.0,0.0,0.0,0,0,results\safety\structured-state-robustness\runs\autonomous-driving-lane-offset-minus-0p05-clipping-seed-123.json
autonomous_driving,lane_offset,lane_offset_minus_0p05,clipping,42,0.0,0.0,0.0,0.0,0.0,-11.41595745732496,-11.330714319001789,-0.08524313832317176,0.0,0.0,0.0,0.0,0.0,0.0,0.0,0.0,0.0,0.0,0,0,results\safety\structured-state-robustness\runs\autonomous-driving-lane-offset-minus-0p05-clipping-seed-42.json
autonomous_driving,lane_offset,lane_offset_minus_0p05,clipping,456,0.0,0.0,0.0,0.0,0.0,0.2667322637360751,4.2810686987899205,-4.0143364350538455,1.0,1.0,0.0,0.4135,0.19871970278024673,0.5188966989517212,0.0,0.0,0.0,0.0,0,0,results\safety\structured-state-robustness\runs\autonomous-driving-lane-offset-minus-0p05-clipping-seed-456.json
autonomous_driving,lane_offset,lane_offset_minus_0p05,lyapunov,123,0.0,0.0,0.0,0.0,0.0,-5.585317868878727,-8.588031328756164,3.0027134598774374,0.0,0.0,0.0,0.83,0.2419669297337532,0.4249076843261719,0.0,1.0,0.0,0.0,0,0,results\safety\structured-state-robustness\runs\autonomous-driving-lane-offset-minus-0p05-lyapunov-seed-123.json
autonomous_driving,lane_offset,lane_offset_minus_0p05,lyapunov,42,0.0,0.0,0.0,0.0,0.0,-11.41595745732496,-11.330714319001789,-0.08524313832317176,0.0,0.0,0.0,0.0,0.0,0.0,0.0,1.0,0.0,0.0,0,0,results\safety\structured-state-robustness\runs\autonomous-driving-lane-offset-minus-0p05-lyapunov-seed-42.json
autonomous_driving,lane_offset,lane_offset_minus_0p05,lyapunov,456,0.0,0.0,0.0,0.0,0.0,0.2667322637360751,4.2810686987899205,-4.0143364350538455,1.0,1.0,0.0,0.4135,0.19871970278024673,0.5188966989517212,0.0,1.0,0.0,0.0,0,0,results\safety\structured-state-robustness\runs\autonomous-driving-lane-offset-minus-0p05-lyapunov-seed-456.json
autonomous_driving,lane_offset,lane_offset_minus_0p05,none,123,0.83,0.839,-0.009000000000000008,0.0,0.83,-5.704623190728994,-8.72040274432206,3.015779553593066,0.0,0.0,0.0,0.0,0.0,0.0,0.0,0.0,0.0,0.0,0,0,results\safety\structured-state-robustness\runs\autonomous-driving-lane-offset-minus-0p05-none-seed-123.json
autonomous_driving,lane_offset,lane_offset_minus_0p05,none,42,0.0,0.0,0.0,0.0,0.0,-11.41595745732496,-11.330714319001789,-0.08524313832317176,0.0,0.0,0.0,0.0,0.0,0.0,0.0,0.0,0.0,0.0,0,0,results\safety\structured-state-robustness\runs\autonomous-driving-lane-offset-minus-0p05-none-seed-42.json
autonomous_driving,lane_offset,lane_offset_minus_0p05,none,456,0.3331438317225696,0.33352272727272725,-0.0003788955501576319,0.059124502558271744,0.4877771461057419,-10.956918171540417,-7.549571968284115,-3.407346203256302,0.15,0.15,0.0,0.0,0.0,0.0,0.0,0.0,0.0,0.0,0,0,results\safety\structured-state-robustness\runs\autonomous-driving-lane-offset-minus-0p05-none-seed-456.json
autonomous_driving,lane_offset,lane_offset_minus_0p10,clipping,123,0.0,0.0,0.0,0.0,0.0,-5.941620634513051,-8.588031328756164,2.646410694243113,0.0,0.0,0.0,0.807,0.23456178605556488,0.41004717350006104,0.0,0.0,0.0,0.0,0,0,results\safety\structured-state-robustness\runs\autonomous-driving-lane-offset-minus-0p10-clipping-seed-123.json
autonomous_driving,lane_offset,lane_offset_minus_0p10,clipping,42,0.0,0.0,0.0,0.0,0.0,-11.540987603460955,-11.330714319001789,-0.21027328445916638,0.0,0.0,0.0,0.0,0.0,0.0,0.0,0.0,0.0,0.0,0,0,results\safety\structured-state-robustness\runs\autonomous-driving-lane-offset-minus-0p10-clipping-seed-42.json
autonomous_driving,lane_offset,lane_offset_minus_0p10,clipping,456,0.0,0.0,0.0,0.0,0.0,-3.983753054347758,4.2810686987899205,-8.264821753137678,1.0,1.0,0.0,0.4135,0.1985332806110382,0.5186054706573486,0.0,0.0,0.0,0.0,0,0,results\safety\structured-state-robustness\runs\autonomous-driving-lane-offset-minus-0p10-clipping-seed-456.json
autonomous_driving,lane_offset,lane_offset_minus_0p10,lyapunov,123,0.0,0.0,0.0,0.0,0.0,-5.941620634513051,-8.588031328756164,2.646410694243113,0.0,0.0,0.0,0.807,0.23456178605556488,0.41004717350006104,0.0,1.0,0.0,0.0,0,0,results\safety\structured-state-robustness\runs\autonomous-driving-lane-offset-minus-0p10-lyapunov-seed-123.json
autonomous_driving,lane_offset,lane_offset_minus_0p10,lyapunov,42,0.0,0.0,0.0,0.0,0.0,-11.540987603460955,-11.330714319001789,-0.21027328445916638,0.0,0.0,0.0,0.0,0.0,0.0,0.0,1.0,0.0,0.0,0,0,results\safety\structured-state-robustness\runs\autonomous-driving-lane-offset-minus-0p10-lyapunov-seed-42.json
autonomous_driving,lane_offset,lane_offset_minus_0p10,lyapunov,456,0.0,0.0,0.0,0.0,0.0,-3.983753054347758,4.2810686987899205,-8.264821753137678,1.0,1.0,0.0,0.4135,0.1985332806110382,0.5186054706573486,0.0,1.0,0.0,0.0,0,0,results\safety\structured-state-robustness\runs\autonomous-driving-lane-offset-minus-0p10-lyapunov-seed-456.json
autonomous_driving,lane_offset,lane_offset_minus_0p10,none,123,0.8075,0.839,-0.03149999999999997,0.0,0.8075,-6.054800265335889,-8.72040274432206,2.6656024789861705,0.0,0.0,0.0,0.0,0.0,0.0,0.0,0.0,0.0,0.0,0,0,results\safety\structured-state-robustness\runs\autonomous-driving-lane-offset-minus-0p10-none-seed-123.json
autonomous_driving,lane_offset,lane_offset_minus_0p10,none,42,0.0,0.0,0.0,0.0,0.0,-11.540987603460955,-11.330714319001789,-0.21027328445916638,0.0,0.0,0.0,0.0,0.0,0.0,0.0,0.0,0.0,0.0,0,0,results\safety\structured-state-robustness\runs\autonomous-driving-lane-offset-minus-0p10-none-seed-42.json
autonomous_driving,lane_offset,lane_offset_minus_0p10,none,456,0.3331438317225696,0.33352272727272725,-0.0003788955501576319,0.059124502558271744,0.48834565093803295,-14.601656637284771,-7.549571968284115,-7.052084669000656,0.15,0.15,0.0,0.0,0.0,0.0,0.0,0.0,0.0,0.0,0,0,results\safety\structured-state-robustness\runs\autonomous-driving-lane-offset-minus-0p10-none-seed-456.json
autonomous_driving,lane_offset,lane_offset_plus_0p05,clipping,123,0.0,0.0,0.0,0.0,0.0,-12.118477386073868,-8.588031328756164,-3.530446057317704,0.0,0.0,0.0,0.8465,0.2496542912721634,0.4537055492401123,0.0,0.0,0.0,0.0,0,0,results\safety\structured-state-robustness\runs\autonomous-driving-lane-offset-plus-0p05-clipping-seed-123.json
autonomous_driving,lane_offset,lane_offset_plus_0p05,clipping,42,0.0,0.0,0.0,0.0,0.0,-11.268178199241216,-11.330714319001789,0.06253611976057272,0.0,0.0,0.0,0.0,0.0,0.0,0.0,0.0,0.0,0.0,0,0,results\safety\structured-state-robustness\runs\autonomous-driving-lane-offset-plus-0p05-clipping-seed-42.json
autonomous_driving,lane_offset,lane_offset_plus_0p05,clipping,456,0.0,0.0,0.0,0.0,0.0,6.283685469246807,4.2810686987899205,2.0026167704568865,1.0,1.0,0.0,0.4135,0.19916054832935334,0.5196671485900879,0.0,0.0,0.0,0.0,0,0,results\safety\structured-state-robustness\runs\autonomous-driving-lane-offset-plus-0p05-clipping-seed-456.json
autonomous_driving,lane_offset,lane_offset_plus_0p05,lyapunov,123,0.0,0.0,0.0,0.0,0.0,-12.118477386073868,-8.588031328756164,-3.530446057317704,0.0,0.0,0.0,0.8465,0.2496542912721634,0.4537055492401123,0.0,1.0,0.0,0.0,0,0,results\safety\structured-state-robustness\runs\autonomous-driving-lane-offset-plus-0p05-lyapunov-seed-123.json
autonomous_driving,lane_offset,lane_offset_plus_0p05,lyapunov,42,0.0,0.0,0.0,0.0,0.0,-11.268178199241216,-11.330714319001789,0.06253611976057272,0.0,0.0,0.0,0.0,0.0,0.0,0.0,1.0,0.0,0.0,0,0,results\safety\structured-state-robustness\runs\autonomous-driving-lane-offset-plus-0p05-lyapunov-seed-42.json
autonomous_driving,lane_offset,lane_offset_plus_0p05,lyapunov,456,0.0,0.0,0.0,0.0,0.0,6.283685469246807,4.2810686987899205,2.0026167704568865,1.0,1.0,0.0,0.4135,0.19916054832935334,0.5196671485900879,0.0,1.0,0.0,0.0,0,0,results\safety\structured-state-robustness\runs\autonomous-driving-lane-offset-plus-0p05-lyapunov-seed-456.json
autonomous_driving,lane_offset,lane_offset_plus_0p05,none,123,0.8475,0.839,0.008500000000000063,0.0,0.8475,-12.26176915142325,-8.72040274432206,-3.54136640710119,0.0,0.0,0.0,0.0,0.0,0.0,0.0,0.0,0.0,0.0,0,0,results\safety\structured-state-robustness\runs\autonomous-driving-lane-offset-plus-0p05-none-seed-123.json
autonomous_driving,lane_offset,lane_offset_plus_0p05,none,42,0.0,0.0,0.0,0.0,0.0,-11.268178199241216,-11.330714319001789,0.06253611976057272,0.0,0.0,0.0,0.0,0.0,0.0,0.0,0.0,0.0,0.0,0,0,results\safety\structured-state-robustness\runs\autonomous-driving-lane-offset-plus-0p05-none-seed-42.json
autonomous_driving,lane_offset,lane_offset_plus_0p05,none,456,0.33352272727272725,0.33352272727272725,0.0,0.05909090909090909,0.48863636363636365,-5.588335039893766,-7.549571968284115,1.961236928390349,0.15,0.15,0.0,0.0,0.0,0.0,0.0,0.0,0.0,0.0,0,0,results\safety\structured-state-robustness\runs\autonomous-driving-lane-offset-plus-0p05-none-seed-456.json
autonomous_driving,lane_offset,lane_offset_plus_0p10,clipping,123,0.0,0.0,0.0,0.0,0.0,-15.79254429548271,-8.588031328756164,-7.204512966726545,0.0,0.0,0.0,0.859,0.2547006697654724,0.4676218032836914,0.0,0.0,0.0,0.0,0,0,results\safety\structured-state-robustness\runs\autonomous-driving-lane-offset-plus-0p10-clipping-seed-123.json
autonomous_driving,lane_offset,lane_offset_plus_0p10,clipping,42,0.0,0.0,0.0,0.0,0.0,-11.253461968829884,-11.330714319001789,0.07725235017190535,0.0,0.0,0.0,0.0,0.0,0.0,0.0,0.0,0.0,0.0,0,0,results\safety\structured-state-robustness\runs\autonomous-driving-lane-offset-plus-0p10-clipping-seed-42.json
autonomous_driving,lane_offset,lane_offset_plus_0p10,clipping,456,0.0,0.0,0.0,0.0,0.0,3.6613627106346742,4.2810686987899205,-0.6197059881552462,1.0,1.0,0.0,0.4135,0.19942059004306792,0.5201668739318848,0.0,0.0,0.0,0.0,0,0,results\safety\structured-state-robustness\runs\autonomous-driving-lane-offset-plus-0p10-clipping-seed-456.json
autonomous_driving,lane_offset,lane_offset_plus_0p10,lyapunov,123,0.0,0.0,0.0,0.0,0.0,-15.79254429548271,-8.588031328756164,-7.204512966726545,0.0,0.0,0.0,0.859,0.2547006697654724,0.4676218032836914,0.0,1.0,0.0,0.0,0,0,results\safety\structured-state-robustness\runs\autonomous-driving-lane-offset-plus-0p10-lyapunov-seed-123.json
autonomous_driving,lane_offset,lane_offset_plus_0p10,lyapunov,42,0.0,0.0,0.0,0.0,0.0,-11.253461968829884,-11.330714319001789,0.07725235017190535,0.0,0.0,0.0,0.0,0.0,0.0,0.0,1.0,0.0,0.0,0,0,results\safety\structured-state-robustness\runs\autonomous-driving-lane-offset-plus-0p10-lyapunov-seed-42.json
autonomous_driving,lane_offset,lane_offset_plus_0p10,lyapunov,456,0.0,0.0,0.0,0.0,0.0,3.6613627106346742,4.2810686987899205,-0.6197059881552462,1.0,1.0,0.0,0.4135,0.19942059004306792,0.5201668739318848,0.0,1.0,0.0,0.0,0,0,results\safety\structured-state-robustness\runs\autonomous-driving-lane-offset-plus-0p10-lyapunov-seed-456.json
autonomous_driving,lane_offset,lane_offset_plus_0p10,none,123,0.8585,0.839,0.019500000000000073,0.0,0.8585,-15.946293025835223,-8.72040274432206,-7.225890281513163,0.0,0.0,0.0,0.0,0.0,0.0,0.0,0.0,0.0,0.0,0,0,results\safety\structured-state-robustness\runs\autonomous-driving-lane-offset-plus-0p10-none-seed-123.json
autonomous_driving,lane_offset,lane_offset_plus_0p10,none,42,0.0,0.0,0.0,0.0,0.0,-11.253461968829884,-11.330714319001789,0.07725235017190535,0.0,0.0,0.0,0.0,0.0,0.0,0.0,0.0,0.0,0.0,0,0,results\safety\structured-state-robustness\runs\autonomous-driving-lane-offset-plus-0p10-none-seed-42.json
autonomous_driving,lane_offset,lane_offset_plus_0p10,none,456,0.33427922814982974,0.33352272727272725,0.000756500877102495,0.060158910329171394,0.49035187287173665,-6.78190598287162,-7.549571968284115,0.7676659854124956,0.15,0.15,0.0,0.0,0.0,0.0,0.0,0.0,0.0,0.0,0,0,results\safety\structured-state-robustness\runs\autonomous-driving-lane-offset-plus-0p10-none-seed-456.json
autonomous_driving,obstacle_distance,obstacle_distance_plus_0p05,clipping,123,0.0,0.0,0.0,0.0,0.0,-8.685273887244882,-8.588031328756164,-0.09724255848871799,0.0,0.0,0.0,0.8345,0.24292986851930617,0.4374678134918213,0.0,0.0,0.0,0.0,0,0,results\safety\structured-state-robustness\runs\autonomous-driving-obstacle-distance-plus-0p05-clipping-seed-123.json
autonomous_driving,obstacle_distance,obstacle_distance_plus_0p05,clipping,42,0.0,0.0,0.0,0.0,0.0,-11.348676867846994,-11.330714319001789,-0.01796254884520465,0.0,0.0,0.0,0.0,0.0,0.0,0.0,0.0,0.0,0.0,0,0,results\safety\structured-state-robustness\runs\autonomous-driving-obstacle-distance-plus-0p05-clipping-seed-42.json
autonomous_driving,obstacle_distance,obstacle_distance_plus_0p05,clipping,456,0.0,0.0,0.0,0.0,0.0,4.37646499683128,4.2810686987899205,0.09539629804135963,1.0,1.0,0.0,0.4035,0.19372715306282043,0.5184503793716431,0.0,0.0,0.0,0.0,0,0,results\safety\structured-state-robustness\runs\autonomous-driving-obstacle-distance-plus-0p05-clipping-seed-456.json
autonomous_driving,obstacle_distance,obstacle_distance_plus_0p05,lyapunov,123,0.0,0.0,0.0,0.0,0.0,-8.685273887244882,-8.588031328756164,-0.09724255848871799,0.0,0.0,0.0,0.8345,0.24292986851930617,0.4374678134918213,0.0,1.0,0.0,0.0,0,0,results\safety\structured-state-robustness\runs\autonomous-driving-obstacle-distance-plus-0p05-lyapunov-seed-123.json
autonomous_driving,obstacle_distance,obstacle_distance_plus_0p05,lyapunov,42,0.0,0.0,0.0,0.0,0.0,-11.348676867846994,-11.330714319001789,-0.01796254884520465,0.0,0.0,0.0,0.0,0.0,0.0,0.0,1.0,0.0,0.0,0,0,results\safety\structured-state-robustness\runs\autonomous-driving-obstacle-distance-plus-0p05-lyapunov-seed-42.json
autonomous_driving,obstacle_distance,obstacle_distance_plus_0p05,lyapunov,456,0.0,0.0,0.0,0.0,0.0,4.37646499683128,4.2810686987899205,0.09539629804135963,1.0,1.0,0.0,0.4035,0.19372715306282043,0.5184503793716431,0.0,1.0,0.0,0.0,0,0,results\safety\structured-state-robustness\runs\autonomous-driving-obstacle-distance-plus-0p05-lyapunov-seed-456.json
autonomous_driving,obstacle_distance,obstacle_distance_plus_0p05,none,123,0.8355,0.839,-0.0034999999999999476,0.0,0.8355,-8.814105488859626,-8.72040274432206,-0.09370274453756622,0.0,0.0,0.0,0.0,0.0,0.0,0.0,0.0,0.0,0.0,0,0,results\safety\structured-state-robustness\runs\autonomous-driving-obstacle-distance-plus-0p05-none-seed-123.json
autonomous_driving,obstacle_distance,obstacle_distance_plus_0p05,none,42,0.0,0.0,0.0,0.0,0.0,-11.348676867846994,-11.330714319001789,-0.01796254884520465,0.0,0.0,0.0,0.0,0.0,0.0,0.0,0.0,0.0,0.0,0,0,results\safety\structured-state-robustness\runs\autonomous-driving-obstacle-distance-plus-0p05-none-seed-42.json
autonomous_driving,obstacle_distance,obstacle_distance_plus_0p05,none,456,0.3194523673702225,0.33352272727272725,-0.01407035990250477,0.05932686822589846,0.4877353108956075,-7.402715062107024,-7.549571968284115,0.14685690617709124,0.15,0.15,0.0,0.0,0.0,0.0,0.0,0.0,0.0,0.0,0,0,results\safety\structured-state-robustness\runs\autonomous-driving-obstacle-distance-plus-0p05-none-seed-456.json
autonomous_driving,obstacle_distance,obstacle_distance_plus_0p10,clipping,123,0.0,0.0,0.0,0.0,0.0,-8.788596053991304,-8.588031328756164,-0.20056472523513946,0.0,0.0,0.0,0.7945,0.23108878272771835,0.4354548454284668,0.0,0.0,0.0,0.0,0,0,results\safety\structured-state-robustness\runs\autonomous-driving-obstacle-distance-plus-0p10-clipping-seed-123.json
autonomous_driving,obstacle_distance,obstacle_distance_plus_0p10,clipping,42,0.0,0.0,0.0,0.0,0.0,-11.367836498019663,-11.330714319001789,-0.0371221790178744,0.0,0.0,0.0,0.0,0.0,0.0,0.0,0.0,0.0,0.0,0,0,results\safety\structured-state-robustness\runs\autonomous-driving-obstacle-distance-plus-0p10-clipping-seed-42.json
autonomous_driving,obstacle_distance,obstacle_distance_plus_0p10,clipping,456,0.0,0.0,0.0,0.0,0.0,4.4735627298194744,4.2810686987899205,0.19249403102955398,1.0,1.0,0.0,0.3935,0.1885523700118065,0.51767897605896,0.0,0.0,0.0,0.0,0,0,results\safety\structured-state-robustness\runs\autonomous-driving-obstacle-distance-plus-0p10-clipping-seed-456.json
autonomous_driving,obstacle_distance,obstacle_distance_plus_0p10,lyapunov,123,0.0,0.0,0.0,0.0,0.0,-8.788596053991304,-8.588031328756164,-0.20056472523513946,0.0,0.0,0.0,0.7945,0.23108878272771835,0.4354548454284668,0.0,1.0,0.0,0.0,0,0,results\safety\structured-state-robustness\runs\autonomous-driving-obstacle-distance-plus-0p10-lyapunov-seed-123.json
autonomous_driving,obstacle_distance,obstacle_distance_plus_0p10,lyapunov,42,0.0,0.0,0.0,0.0,0.0,-11.367836498019663,-11.330714319001789,-0.0371221790178744,0.0,0.0,0.0,0.0,0.0,0.0,0.0,1.0,0.0,0.0,0,0,results\safety\structured-state-robustness\runs\autonomous-driving-obstacle-distance-plus-0p10-lyapunov-seed-42.json
autonomous_driving,obstacle_distance,obstacle_distance_plus_0p10,lyapunov,456,0.0,0.0,0.0,0.0,0.0,4.4735627298194744,4.2810686987899205,0.19249403102955398,1.0,1.0,0.0,0.3935,0.1885523700118065,0.51767897605896,0.0,1.0,0.0,0.0,0,0,results\safety\structured-state-robustness\runs\autonomous-driving-obstacle-distance-plus-0p10-lyapunov-seed-456.json
autonomous_driving,obstacle_distance,obstacle_distance_plus_0p10,none,123,0.7965,0.839,-0.04249999999999998,0.0,0.7965,-8.910286628428006,-8.72040274432206,-0.1898838841059458,0.0,0.0,0.0,0.0,0.0,0.0,0.0,0.0,0.0,0.0,0,0,results\safety\structured-state-robustness\runs\autonomous-driving-obstacle-distance-plus-0p10-none-seed-123.json
autonomous_driving,obstacle_distance,obstacle_distance_plus_0p10,none,42,0.0,0.0,0.0,0.0,0.0,-11.367836498019663,-11.330714319001789,-0.0371221790178744,0.0,0.0,0.0,0.0,0.0,0.0,0.0,0.0,0.0,0.0,0,0,results\safety\structured-state-robustness\runs\autonomous-driving-obstacle-distance-plus-0p10-none-seed-42.json
autonomous_driving,obstacle_distance,obstacle_distance_plus_0p10,none,456,0.3036739380022962,0.33352272727272725,-0.029848789270431053,0.05797933409873708,0.47761194029850745,-7.247858223351532,-7.549571968284115,0.3017137449325835,0.15,0.15,0.0,0.0,0.0,0.0,0.0,0.0,0.0,0.0,0,0,results\safety\structured-state-robustness\runs\autonomous-driving-obstacle-distance-plus-0p10-none-seed-456.json
autonomous_driving,speed,speed_minus_0p05,clipping,123,0.0,0.0,0.0,0.0,0.0,-7.5957287409337075,-8.588031328756164,0.992302587822457,0.0,0.0,0.0,0.8355,0.24449534064531325,0.4356353282928467,0.0,0.0,0.0,0.0,0,0,results\safety\structured-state-robustness\runs\autonomous-driving-speed-minus-0p05-clipping-seed-123.json
autonomous_driving,speed,speed_minus_0p05,clipping,42,0.0,0.0,0.0,0.0,0.0,-11.596128159304715,-11.330714319001789,-0.2654138403029265,0.0,0.0,0.0,0.0,0.0,0.0,0.0,0.0,0.0,0.0,0,0,results\safety\structured-state-robustness\runs\autonomous-driving-speed-minus-0p05-clipping-seed-42.json
autonomous_driving,speed,speed_minus_0p05,clipping,456,0.0,0.0,0.0,0.0,0.0,4.598163788735313,4.2810686987899205,0.3170950899453926,1.0,1.0,0.0,0.413,0.20185563659667968,0.5266444683074951,0.0,0.0,0.0,0.0,0,0,results\safety\structured-state-robustness\runs\autonomous-driving-speed-minus-0p05-clipping-seed-456.json
autonomous_driving,speed,speed_minus_0p05,lyapunov,123,0.0,0.0,0.0,0.0,0.0,-7.5957287409337075,-8.588031328756164,0.992302587822457,0.0,0.0,0.0,0.8355,0.24449534064531325,0.4356353282928467,0.0,1.0,0.0,0.0,0,0,results\safety\structured-state-robustness\runs\autonomous-driving-speed-minus-0p05-lyapunov-seed-123.json
autonomous_driving,speed,speed_minus_0p05,lyapunov,42,0.0,0.0,0.0,0.0,0.0,-11.596128159304715,-11.330714319001789,-0.2654138403029265,0.0,0.0,0.0,0.0,0.0,0.0,0.0,1.0,0.0,0.0,0,0,results\safety\structured-state-robustness\runs\autonomous-driving-speed-minus-0p05-lyapunov-seed-42.json
autonomous_driving,speed,speed_minus_0p05,lyapunov,456,0.0,0.0,0.0,0.0,0.0,4.598163788735313,4.2810686987899205,0.3170950899453926,1.0,1.0,0.0,0.413,0.20185563659667968,0.5266444683074951,0.0,1.0,0.0,0.0,0,0,results\safety\structured-state-robustness\runs\autonomous-driving-speed-minus-0p05-lyapunov-seed-456.json
autonomous_driving,speed,speed_minus_0p05,none,123,0.836,0.839,-0.0030000000000000027,0.0,0.836,-7.725755078912685,-8.72040274432206,0.9946476654093752,0.0,0.0,0.0,0.0,0.0,0.0,0.0,0.0,0.0,0.0,0,0,results\safety\structured-state-robustness\runs\autonomous-driving-speed-minus-0p05-none-seed-123.json
autonomous_driving,speed,speed_minus_0p05,none,42,0.0,0.0,0.0,0.0,0.0,-11.596128159304715,-11.330714319001789,-0.2654138403029265,0.0,0.0,0.0,0.0,0.0,0.0,0.0,0.0,0.0,0.0,0,0,results\safety\structured-state-robustness\runs\autonomous-driving-speed-minus-0p05-none-seed-42.json
autonomous_driving,speed,speed_minus_0p05,none,456,0.33105413105413106,0.33352272727272725,-0.0024685962185961863,0.05982905982905983,0.4945868945868946,-7.266650558757143,-7.549571968284115,0.2829214095269723,0.15,0.15,0.0,0.0,0.0,0.0,0.0,0.0,0.0,0.0,0,0,results\safety\structured-state-robustness\runs\autonomous-driving-speed-minus-0p05-none-seed-456.json
autonomous_driving,speed,speed_plus_0p05,clipping,123,0.0,0.0,0.0,0.0,0.0,-9.573100866068106,-8.588031328756164,-0.9850695373119418,0.0,0.0,0.0,0.84,0.24682480072975158,0.4431508779525757,0.0,0.0,0.0,0.0,0,0,results\safety\structured-state-robustness\runs\autonomous-driving-speed-plus-0p05-clipping-seed-123.json
autonomous_driving,speed,speed_plus_0p05,clipping,42,0.0,0.0,0.0,0.0,0.0,-11.604201929933069,-11.330714319001789,-0.27348761093128005,0.0,0.0,0.0,0.0,0.0,0.0,0.0,0.0,0.0,0.0,0,0,results\safety\structured-state-robustness\runs\autonomous-driving-speed-plus-0p05-clipping-seed-42.json
autonomous_driving,speed,speed_plus_0p05,clipping,456,0.0,0.0,0.0,0.0,0.0,3.9448067120533805,4.2810686987899205,-0.33626198673653995,1.0,1.0,0.0,0.414,0.19596359688043594,0.5116853713989258,0.0,0.0,0.0,0.0,0,0,results\safety\structured-state-robustness\runs\autonomous-driving-speed-plus-0p05-clipping-seed-456.json
autonomous_driving,speed,speed_plus_0p05,lyapunov,123,0.0,0.0,0.0,0.0,0.0,-9.573100866068106,-8.588031328756164,-0.9850695373119418,0.0,0.0,0.0,0.84,0.24682480072975158,0.4431508779525757,0.0,1.0,0.0,0.0,0,0,results\safety\structured-state-robustness\runs\autonomous-driving-speed-plus-0p05-lyapunov-seed-123.json
autonomous_driving,speed,speed_plus_0p05,lyapunov,42,0.0,0.0,0.0,0.0,0.0,-11.604201929933069,-11.330714319001789,-0.27348761093128005,0.0,0.0,0.0,0.0,0.0,0.0,0.0,1.0,0.0,0.0,0,0,results\safety\structured-state-robustness\runs\autonomous-driving-speed-plus-0p05-lyapunov-seed-42.json
autonomous_driving,speed,speed_plus_0p05,lyapunov,456,0.0,0.0,0.0,0.0,0.0,3.9448067120533805,4.2810686987899205,-0.33626198673653995,1.0,1.0,0.0,0.414,0.19596359688043594,0.5116853713989258,0.0,1.0,0.0,0.0,0,0,results\safety\structured-state-robustness\runs\autonomous-driving-speed-plus-0p05-lyapunov-seed-456.json
autonomous_driving,speed,speed_plus_0p05,none,123,0.841,0.839,0.0020000000000000018,0.0,0.841,-9.706292530616668,-8.72040274432206,-0.9858897862946083,0.0,0.0,0.0,0.0,0.0,0.0,0.0,0.0,0.0,0.0,0,0,results\safety\structured-state-robustness\runs\autonomous-driving-speed-plus-0p05-none-seed-123.json
autonomous_driving,speed,speed_plus_0p05,none,42,0.0,0.0,0.0,0.0,0.0,-11.604201929933069,-11.330714319001789,-0.27348761093128005,0.0,0.0,0.0,0.0,0.0,0.0,0.0,0.0,0.0,0.0,0,0,results\safety\structured-state-robustness\runs\autonomous-driving-speed-plus-0p05-none-seed-42.json
autonomous_driving,speed,speed_plus_0p05,none,456,0.33710407239819007,0.33352272727272725,0.0035813451254628204,0.06108597285067873,0.4841628959276018,-7.848247096010688,-7.549571968284115,-0.2986751277265727,0.15,0.15,0.0,0.0,0.0,0.0,0.0,0.0,0.0,0.0,0,0,results\safety\structured-state-robustness\runs\autonomous-driving-speed-plus-0p05-none-seed-456.json
robotics,object_position,object_x_minus_0p05,clipping,123,0.0,0.0,0.0,0.0,0.0,0.7009828967888997,0.7019945290536206,-0.0010116322647208964,0.0,0.0,0.0,0.009,0.004702892363071442,0.5352523326873779,0.0,0.0,0.0,0.0,0,0,results\safety\structured-state-robustness\runs\robotics-object-x-minus-0p05-clipping-seed-123.json
robotics,object_position,object_x_minus_0p05,clipping,42,0.0,0.0,0.0,0.0,0.0,0.6546627454567084,0.694924909776604,-0.0402621643198956,0.0,0.0,0.0,0.096,0.014412586733698825,0.5741493701934814,0.0,0.0,0.0,0.0,0,0,results\safety\structured-state-robustness\runs\robotics-object-x-minus-0p05-clipping-seed-42.json
robotics,object_position,object_x_minus_0p05,clipping,456,0.0,0.0,0.0,0.0,0.0,0.6676676534802649,0.6367803966173643,0.030887256862900614,0.0,0.0,0.0,0.0,0.0,0.0,0.0,0.0,0.0,0.0,0,0,results\safety\structured-state-robustness\runs\robotics-object-x-minus-0p05-clipping-seed-456.json
robotics,object_position,object_x_minus_0p05,lyapunov,123,0.0,0.0,0.0,0.0,0.0,0.7009828967888997,0.7019945290536206,-0.0010116322647208964,0.0,0.0,0.0,0.009,0.004702892363071442,0.5352523326873779,0.0,1.0,0.0,0.0,0,0,results\safety\structured-state-robustness\runs\robotics-object-x-minus-0p05-lyapunov-seed-123.json
robotics,object_position,object_x_minus_0p05,lyapunov,42,0.0,0.0,0.0,0.0,0.0,0.6546892195045231,0.6949329704464354,-0.04024375094191235,0.0,0.0,0.0,0.0955,0.014433841586112977,0.5741493701934814,0.0,1.0,0.073,0.0,0,0,results\safety\structured-state-robustness\runs\robotics-object-x-minus-0p05-lyapunov-seed-42.json
robotics,object_position,object_x_minus_0p05,lyapunov,456,0.0,0.0,0.0,0.0,0.0,0.6676676534802649,0.6367803966173643,0.030887256862900614,0.0,0.0,0.0,0.0,0.0,0.0,0.0,1.0,0.0,0.0,0,0,results\safety\structured-state-robustness\runs\robotics-object-x-minus-0p05-lyapunov-seed-456.json
robotics,object_position,object_x_minus_0p05,none,123,0.009,0.0085,0.0004999999999999987,0.009,0.009,0.6559828967888996,0.6594945290536206,-0.003511632264720954,0.0,0.0,0.0,0.0,0.0,0.0,0.0,0.0,0.0,0.0,0,0,results\safety\structured-state-robustness\runs\robotics-object-x-minus-0p05-none-seed-123.json
robotics,object_position,object_x_minus_0p05,none,42,0.096,0.0355,0.060500000000000005,0.0225,0.1315,0.5360465683400006,0.602262889181277,-0.06621632084127638,0.0,0.0,0.0,0.0,0.0,0.0,0.0,0.0,0.0,0.0,0,0,results\safety\structured-state-robustness\runs\robotics-object-x-minus-0p05-none-seed-42.json
robotics,object_position,object_x_minus_0p05,none,456,0.0,0.0,0.0,0.0,0.0,0.6676676534802649,0.6367803966173643,0.030887256862900614,0.0,0.0,0.0,0.0,0.0,0.0,0.0,0.0,0.0,0.0,0,0,results\safety\structured-state-robustness\runs\robotics-object-x-minus-0p05-none-seed-456.json
robotics,object_position,object_x_plus_0p05,clipping,123,0.0,0.0,0.0,0.0,0.0,0.6469573189194003,0.7019945290536206,-0.05503721013422025,0.0,0.0,0.0,0.0075,0.003904045581817627,0.5319259166717529,0.0,0.0,0.0,0.0,0,0,results\safety\structured-state-robustness\runs\robotics-object-x-plus-0p05-clipping-seed-123.json
robotics,object_position,object_x_plus_0p05,clipping,42,0.0,0.0,0.0,0.0,0.0,0.6897617126137303,0.694924909776604,-0.005163197162873723,0.0,0.0,0.0,0.0145,0.007533451676368714,0.5581382513046265,0.0,0.0,0.0,0.0,0,0,results\safety\structured-state-robustness\runs\robotics-object-x-plus-0p05-clipping-seed-42.json
robotics,object_position,object_x_plus_0p05,clipping,456,0.0,0.0,0.0,0.0,0.0,0.5752025948468268,0.6367803966173643,-0.06157780177053751,0.0,0.0,0.0,0.0,0.0,0.0,0.0,0.0,0.0,0.0,0,0,results\safety\structured-state-robustness\runs\robotics-object-x-plus-0p05-clipping-seed-456.json
robotics,object_position,object_x_plus_0p05,lyapunov,123,0.0,0.0,0.0,0.0,0.0,0.6469573189194003,0.7019945290536206,-0.05503721013422025,0.0,0.0,0.0,0.0075,0.003904045581817627,0.5319259166717529,0.0,1.0,0.0,0.0,0,0,results\safety\structured-state-robustness\runs\robotics-object-x-plus-0p05-lyapunov-seed-123.json
robotics,object_position,object_x_plus_0p05,lyapunov,42,0.0,0.0,0.0,0.0,0.0,0.6897617126137303,0.6949329704464354,-0.005171257832705112,0.0,0.0,0.0,0.0145,0.007533451676368714,0.5581382513046265,0.0,1.0,0.0,0.0,0,0,results\safety\structured-state-robustness\runs\robotics-object-x-plus-0p05-lyapunov-seed-42.json
robotics,object_position,object_x_plus_0p05,lyapunov,456,0.0,0.0,0.0,0.0,0.0,0.5752025948468268,0.6367803966173643,-0.06157780177053751,0.0,0.0,0.0,0.0,0.0,0.0,0.0,1.0,0.0,0.0,0,0,results\safety\structured-state-robustness\runs\robotics-object-x-plus-0p05-lyapunov-seed-456.json
robotics,object_position,object_x_plus_0p05,none,123,0.0075,0.0085,-0.0010000000000000009,0.0075,0.0075,0.6094573189194002,0.6594945290536206,-0.050037210134220356,0.0,0.0,0.0,0.0,0.0,0.0,0.0,0.0,0.0,0.0,0,0,results\safety\structured-state-robustness\runs\robotics-object-x-plus-0p05-none-seed-123.json
robotics,object_position,object_x_plus_0p05,none,42,0.0145,0.0355,-0.020999999999999998,0.0145,0.0145,0.6172617126137304,0.602262889181277,0.014998823432453401,0.0,0.0,0.0,0.0,0.0,0.0,0.0,0.0,0.0,0.0,0,0,results\safety\structured-state-robustness\runs\robotics-object-x-plus-0p05-none-seed-42.json
robotics,object_position,object_x_plus_0p05,none,456,0.0,0.0,0.0,0.0,0.0,0.5752025948468268,0.6367803966173643,-0.06157780177053751,0.0,0.0,0.0,0.0,0.0,0.0,0.0,0.0,0.0,0.0,0,0,results\safety\structured-state-robustness\runs\robotics-object-x-plus-0p05-none-seed-456.json
robotics,object_position,object_y_minus_0p05,clipping,123,0.0,0.0,0.0,0.0,0.0,0.6724763761146721,0.7019945290536206,-0.02951815293894844,0.0,0.0,0.0,0.007,0.0036194249987602234,0.5272023677825928,0.0,0.0,0.0,0.0,0,0,results\safety\structured-state-robustness\runs\robotics-object-y-minus-0p05-clipping-seed-123.json
robotics,object_position,object_y_minus_0p05,clipping,42,0.0,0.0,0.0,0.0,0.0,0.6253040379809458,0.694924909776604,-0.06962087179565823,0.0,0.0,0.0,0.036,0.007225616529583925,0.557408332824707,0.0,0.0,0.0,0.0,0,0,results\safety\structured-state-robustness\runs\robotics-object-y-minus-0p05-clipping-seed-42.json
robotics,object_position,object_y_minus_0p05,clipping,456,0.0,0.0,0.0,0.0,0.0,0.6219849174102102,0.6367803966173643,-0.014795479207154072,0.0,0.0,0.0,0.0,0.0,0.0,0.0,0.0,0.0,0.0,0,0,results\safety\structured-state-robustness\runs\robotics-object-y-minus-0p05-clipping-seed-456.json
robotics,object_position,object_y_minus_0p05,lyapunov,123,0.0,0.0,0.0,0.0,0.0,0.6724763761146721,0.7019945290536206,-0.02951815293894844,0.0,0.0,0.0,0.007,0.0036194249987602234,0.5272023677825928,0.0,1.0,0.0,0.0,0,0,results\safety\structured-state-robustness\runs\robotics-object-y-minus-0p05-lyapunov-seed-123.json
robotics,object_position,object_y_minus_0p05,lyapunov,42,0.0,0.0,0.0,0.0,0.0,0.6253270579586397,0.6949329704464354,-0.06960591248779568,0.0,0.0,0.0,0.036,0.007233357131481171,0.557408332824707,0.0,1.0,0.0225,0.0,0,0,results\safety\structured-state-robustness\runs\robotics-object-y-minus-0p05-lyapunov-seed-42.json
robotics,object_position,object_y_minus_0p05,lyapunov,456,0.0,0.0,0.0,0.0,0.0,0.6219849174102102,0.6367803966173643,-0.014795479207154072,0.0,0.0,0.0,0.0,0.0,0.0,0.0,1.0,0.0,0.0,0,0,results\safety\structured-state-robustness\runs\robotics-object-y-minus-0p05-lyapunov-seed-456.json
robotics,object_position,object_y_minus_0p05,none,123,0.007,0.0085,-0.0015000000000000005,0.007,0.007,0.6374763761146721,0.6594945290536206,-0.022018152938948488,0.0,0.0,0.0,0.0,0.0,0.0,0.0,0.0,0.0,0.0,0,0,results\safety\structured-state-robustness\runs\robotics-object-y-minus-0p05-none-seed-123.json
robotics,object_position,object_y_minus_0p05,none,42,0.036,0.0355,0.0005000000000000004,0.0135,0.058,0.5570700445116629,0.602262889181277,-0.04519284466961415,0.0,0.0,0.0,0.0,0.0,0.0,0.0,0.0,0.0,0.0,0,0,results\safety\structured-state-robustness\runs\robotics-object-y-minus-0p05-none-seed-42.json
robotics,object_position,object_y_minus_0p05,none,456,0.0,0.0,0.0,0.0,0.0,0.6219849174102102,0.6367803966173643,-0.014795479207154072,0.0,0.0,0.0,0.0,0.0,0.0,0.0,0.0,0.0,0.0,0,0,results\safety\structured-state-robustness\runs\robotics-object-y-minus-0p05-none-seed-456.json
robotics,object_position,object_y_plus_0p05,clipping,123,0.0,0.0,0.0,0.0,0.0,0.689540009956184,0.7019945290536206,-0.012454519097436556,0.0,0.0,0.0,0.0095,0.004995296955108643,0.5399585962295532,0.0,0.0,0.0,0.0,0,0,results\safety\structured-state-robustness\runs\robotics-object-y-plus-0p05-clipping-seed-123.json
robotics,object_position,object_y_plus_0p05,clipping,42,0.0,0.0,0.0,0.0,0.0,0.7425358801026718,0.694924909776604,0.04761097032606776,0.0,0.0,0.0,0.0245,0.01285808402299881,0.5746662616729736,0.0,0.0,0.0,0.0,0,0,results\safety\structured-state-robustness\runs\robotics-object-y-plus-0p05-clipping-seed-42.json
robotics,object_position,object_y_plus_0p05,clipping,456,0.0,0.0,0.0,0.0,0.0,0.6286766986755005,0.6367803966173643,-0.00810369794186383,0.0,0.0,0.0,0.0,0.0,0.0,0.0,0.0,0.0,0.0,0,0,results\safety\structured-state-robustness\runs\robotics-object-y-plus-0p05-clipping-seed-456.json
robotics,object_position,object_y_plus_0p05,lyapunov,123,0.0,0.0,0.0,0.0,0.0,0.689540009956184,0.7019945290536206,-0.012454519097436556,0.0,0.0,0.0,0.0095,0.004995296955108643,0.5399585962295532,0.0,1.0,0.0,0.0,0,0,results\safety\structured-state-robustness\runs\robotics-object-y-plus-0p05-lyapunov-seed-123.json
robotics,object_position,object_y_plus_0p05,lyapunov,42,0.0,0.0,0.0,0.0,0.0,0.7425358801026718,0.6949329704464354,0.04760290965623637,0.0,0.0,0.0,0.0245,0.01285808402299881,0.5746662616729736,0.0,1.0,0.0,0.0,0,0,results\safety\structured-state-robustness\runs\robotics-object-y-plus-0p05-lyapunov-seed-42.json
robotics,object_position,object_y_plus_0p05,lyapunov,456,0.0,0.0,0.0,0.0,0.0,0.6286766986755005,0.6367803966173643,-0.00810369794186383,0.0,0.0,0.0,0.0,0.0,0.0,0.0,1.0,0.0,0.0,0,0,results\safety\structured-state-robustness\runs\robotics-object-y-plus-0p05-lyapunov-seed-456.json
robotics,object_position,object_y_plus_0p05,none,123,0.0095,0.0085,0.0009999999999999992,0.0085,0.0095,0.6420400099561839,0.6594945290536206,-0.01745451909743667,0.0,0.0,0.0,0.0,0.0,0.0,0.0,0.0,0.0,0.0,0,0,results\safety\structured-state-robustness\runs\robotics-object-y-plus-0p05-none-seed-123.json
robotics,object_position,object_y_plus_0p05,none,42,0.0245,0.0355,-0.010999999999999996,0.0245,0.0245,0.6200358801026719,0.602262889181277,0.017772990921394838,0.0,0.0,0.0,0.0,0.0,0.0,0.0,0.0,0.0,0.0,0,0,results\safety\structured-state-robustness\runs\robotics-object-y-plus-0p05-none-seed-42.json
robotics,object_position,object_y_plus_0p05,none,456,0.0,0.0,0.0,0.0,0.0,0.6286766986755005,0.6367803966173643,-0.00810369794186383,0.0,0.0,0.0,0.0,0.0,0.0,0.0,0.0,0.0,0.0,0,0,results\safety\structured-state-robustness\runs\robotics-object-y-plus-0p05-none-seed-456.json
robotics,robot_position,robot_x_minus_0p05,clipping,123,0.0,0.0,0.0,0.0,0.0,0.6461900736663063,0.7019945290536206,-0.05580445538731427,0.0,0.0,0.0,0.0085,0.004431386291980743,0.5346375703811646,0.0,0.0,0.0,0.0,0,0,results\safety\structured-state-robustness\runs\robotics-robot-x-minus-0p05-clipping-seed-123.json
robotics,robot_position,robot_x_minus_0p05,clipping,42,0.0,0.0,0.0,0.0,0.0,0.6930163485200249,0.694924909776604,-0.0019085612565791221,0.0,0.0,0.0,0.0165,0.00859445881843567,0.5625288486480713,0.0,0.0,0.0,0.0,0,0,results\safety\structured-state-robustness\runs\robotics-robot-x-minus-0p05-clipping-seed-42.json
robotics,robot_position,robot_x_minus_0p05,clipping,456,0.0,0.0,0.0,0.0,0.0,0.569398776066182,0.6367803966173643,-0.06738162055118224,0.0,0.0,0.0,0.0,0.0,0.0,0.0,0.0,0.0,0.0,0,0,results\safety\structured-state-robustness\runs\robotics-robot-x-minus-0p05-clipping-seed-456.json
robotics,robot_position,robot_x_minus_0p05,lyapunov,123,0.0,0.0,0.0,0.0,0.0,0.6461900736663063,0.7019945290536206,-0.05580445538731427,0.0,0.0,0.0,0.0085,0.004431386291980743,0.5346375703811646,0.0,1.0,0.0,0.0,0,0,results\safety\structured-state-robustness\runs\robotics-robot-x-minus-0p05-lyapunov-seed-123.json
robotics,robot_position,robot_x_minus_0p05,lyapunov,42,0.0,0.0,0.0,0.0,0.0,0.6930163485200249,0.6949329704464354,-0.001916621926410511,0.0,0.0,0.0,0.0165,0.00859445881843567,0.5625288486480713,0.0,1.0,0.0,0.0,0,0,results\safety\structured-state-robustness\runs\robotics-robot-x-minus-0p05-lyapunov-seed-42.json
robotics,robot_position,robot_x_minus_0p05,lyapunov,456,0.0,0.0,0.0,0.0,0.0,0.569398776066182,0.6367803966173643,-0.06738162055118224,0.0,0.0,0.0,0.0,0.0,0.0,0.0,1.0,0.0,0.0,0,0,results\safety\structured-state-robustness\runs\robotics-robot-x-minus-0p05-lyapunov-seed-456.json
robotics,robot_position,robot_x_minus_0p05,none,123,0.0085,0.0085,0.0,0.0085,0.0085,0.6036900736663062,0.6594945290536206,-0.05580445538731438,0.0,0.0,0.0,0.0,0.0,0.0,0.0,0.0,0.0,0.0,0,0,results\safety\structured-state-robustness\runs\robotics-robot-x-minus-0p05-none-seed-123.json
robotics,robot_position,robot_x_minus_0p05,none,42,0.0165,0.0355,-0.018999999999999996,0.0165,0.0165,0.6105163485200248,0.602262889181277,0.00825345933874777,0.0,0.0,0.0,0.0,0.0,0.0,0.0,0.0,0.0,0.0,0,0,results\safety\structured-state-robustness\runs\robotics-robot-x-minus-0p05-none-seed-42.json
robotics,robot_position,robot_x_minus_0p05,none,456,0.0,0.0,0.0,0.0,0.0,0.569398776066182,0.6367803966173643,-0.06738162055118224,0.0,0.0,0.0,0.0,0.0,0.0,0.0,0.0,0.0,0.0,0,0,results\safety\structured-state-robustness\runs\robotics-robot-x-minus-0p05-none-seed-456.json
robotics,robot_position,robot_x_plus_0p05,clipping,123,0.0,0.0,0.0,0.0,0.0,0.701288151733883,0.7019945290536206,-0.00070637731973755,0.0,0.0,0.0,0.008,0.004173558652400971,0.5326402187347412,0.0,0.0,0.0,0.0,0,0,results\safety\structured-state-robustness\runs\robotics-robot-x-plus-0p05-clipping-seed-123.json
robotics,robot_position,robot_x_plus_0p05,clipping,42,0.0,0.0,0.0,0.0,0.0,0.6552138713158222,0.694924909776604,-0.03971103846078183,0.0,0.0,0.0,0.094,0.013328458562493303,0.569878339767456,0.0,0.0,0.0,0.0,0,0,results\safety\structured-state-robustness\runs\robotics-robot-x-plus-0p05-clipping-seed-42.json
robotics,robot_position,robot_x_plus_0p05,clipping,456,0.0,0.0,0.0,0.0,0.0,0.6691337475135429,0.6367803966173643,0.032353350896178634,0.0,0.0,0.0,0.0,0.0,0.0,0.0,0.0,0.0,0.0,0,0,results\safety\structured-state-robustness\runs\robotics-robot-x-plus-0p05-clipping-seed-456.json
robotics,robot_position,robot_x_plus_0p05,lyapunov,123,0.0,0.0,0.0,0.0,0.0,0.701288151733883,0.7019945290536206,-0.00070637731973755,0.0,0.0,0.0,0.008,0.004173558652400971,0.5326402187347412,0.0,1.0,0.0,0.0,0,0,results\safety\structured-state-robustness\runs\robotics-robot-x-plus-0p05-lyapunov-seed-123.json
robotics,robot_position,robot_x_plus_0p05,lyapunov,42,0.0,0.0,0.0,0.0,0.0,0.6555220758867681,0.6949329704464354,-0.03941089455966729,0.0,0.0,0.0,0.0935,0.013472248047590256,0.569878339767456,0.0,1.0,0.0725,0.0,0,0,results\safety\structured-state-robustness\runs\robotics-robot-x-plus-0p05-lyapunov-seed-42.json
robotics,robot_position,robot_x_plus_0p05,lyapunov,456,0.0,0.0,0.0,0.0,0.0,0.6691337475135429,0.6367803966173643,0.032353350896178634,0.0,0.0,0.0,0.0,0.0,0.0,0.0,1.0,0.0,0.0,0,0,results\safety\structured-state-robustness\runs\robotics-robot-x-plus-0p05-lyapunov-seed-456.json
robotics,robot_position,robot_x_plus_0p05,none,123,0.008,0.0085,-0.0005000000000000004,0.008,0.008,0.661288151733883,0.6594945290536206,0.0017936226802623967,0.0,0.0,0.0,0.0,0.0,0.0,0.0,0.0,0.0,0.0,0,0,results\safety\structured-state-robustness\runs\robotics-robot-x-plus-0p05-none-seed-123.json
robotics,robot_position,robot_x_plus_0p05,none,42,0.094,0.0355,0.0585,0.021,0.129,0.5446047982715216,0.602262889181277,-0.05765809090975538,0.0,0.0,0.0,0.0,0.0,0.0,0.0,0.0,0.0,0.0,0,0,results\safety\structured-state-robustness\runs\robotics-robot-x-plus-0p05-none-seed-42.json
robotics,robot_position,robot_x_plus_0p05,none,456,0.0,0.0,0.0,0.0,0.0,0.6691337475135429,0.6367803966173643,0.032353350896178634,0.0,0.0,0.0,0.0,0.0,0.0,0.0,0.0,0.0,0.0,0,0,results\safety\structured-state-robustness\runs\robotics-robot-x-plus-0p05-none-seed-456.json
robotics,robot_position,robot_y_minus_0p05,clipping,123,0.0,0.0,0.0,0.0,0.0,0.6878560217427656,0.7019945290536206,-0.014138507310854975,0.0,0.0,0.0,0.0085,0.004440263152122498,0.5340611934661865,0.0,0.0,0.0,0.0,0,0,results\safety\structured-state-robustness\runs\robotics-robot-y-minus-0p05-clipping-seed-123.json
robotics,robot_position,robot_y_minus_0p05,clipping,42,0.0,0.0,0.0,0.0,0.0,0.7421031684740094,0.694924909776604,0.04717825869740533,0.0,0.0,0.0,0.036,0.00970946398377418,0.5663735866546631,0.0,0.0,0.0,0.0,0,0,results\safety\structured-state-robustness\runs\robotics-robot-y-minus-0p05-clipping-seed-42.json
robotics,robot_position,robot_y_minus_0p05,clipping,456,0.0,0.0,0.0,0.0,0.0,0.6308595157358675,0.6367803966173643,-0.005920880881496782,0.0,0.0,0.0,0.0,0.0,0.0,0.0,0.0,0.0,0.0,0,0,results\safety\structured-state-robustness\runs\robotics-robot-y-minus-0p05-clipping-seed-456.json
robotics,robot_position,robot_y_minus_0p05,lyapunov,123,0.0,0.0,0.0,0.0,0.0,0.6878560217427656,0.7019945290536206,-0.014138507310854975,0.0,0.0,0.0,0.0085,0.004440263152122498,0.5340611934661865,0.0,1.0,0.0,0.0,0,0,results\safety\structured-state-robustness\runs\robotics-robot-y-minus-0p05-lyapunov-seed-123.json
robotics,robot_position,robot_y_minus_0p05,lyapunov,42,0.0,0.0,0.0,0.0,0.0,0.7421035740288591,0.6949329704464354,0.04717060358242364,0.0,0.0,0.0,0.0355,0.009709867089986801,0.5663735866546631,0.0,1.0,0.017,0.0,0,0,results\safety\structured-state-robustness\runs\robotics-robot-y-minus-0p05-lyapunov-seed-42.json
robotics,robot_position,robot_y_minus_0p05,lyapunov,456,0.0,0.0,0.0,0.0,0.0,0.6308595157358675,0.6367803966173643,-0.005920880881496782,0.0,0.0,0.0,0.0,0.0,0.0,0.0,1.0,0.0,0.0,0,0,results\safety\structured-state-robustness\runs\robotics-robot-y-minus-0p05-lyapunov-seed-456.json
robotics,robot_position,robot_y_minus_0p05,none,123,0.0085,0.0085,0.0,0.0085,0.0085,0.6453560217427656,0.6594945290536206,-0.014138507310854975,0.0,0.0,0.0,0.0,0.0,0.0,0.0,0.0,0.0,0.0,0,0,results\safety\structured-state-robustness\runs\robotics-robot-y-minus-0p05-none-seed-123.json
robotics,robot_position,robot_y_minus_0p05,none,42,0.036,0.0355,0.0005000000000000004,0.0185,0.053,0.6494534598768538,0.602262889181277,0.04719057069557675,0.0,0.0,0.0,0.0,0.0,0.0,0.0,0.0,0.0,0.0,0,0,results\safety\structured-state-robustness\runs\robotics-robot-y-minus-0p05-none-seed-42.json
robotics,robot_position,robot_y_minus_0p05,none,456,0.0,0.0,0.0,0.0,0.0,0.6308595157358675,0.6367803966173643,-0.005920880881496782,0.0,0.0,0.0,0.0,0.0,0.0,0.0,0.0,0.0,0.0,0,0,results\safety\structured-state-robustness\runs\robotics-robot-y-minus-0p05-none-seed-456.json
robotics,robot_position,robot_y_plus_0p05,clipping,123,0.0,0.0,0.0,0.0,0.0,0.6735543929560401,0.7019945290536206,-0.02844013609758045,0.0,0.0,0.0,0.008,0.0041653324365615845,0.5332508087158203,0.0,0.0,0.0,0.0,0,0,results\safety\structured-state-robustness\runs\robotics-robot-y-plus-0p05-clipping-seed-123.json
robotics,robot_position,robot_y_plus_0p05,clipping,42,0.0,0.0,0.0,0.0,0.0,0.6208638156352443,0.694924909776604,-0.07406109414135975,0.0,0.0,0.0,0.035,0.009437487497925752,0.5659023523330688,0.0,0.0,0.0,0.0,0,0,results\safety\structured-state-robustness\runs\robotics-robot-y-plus-0p05-clipping-seed-42.json
robotics,robot_position,robot_y_plus_0p05,clipping,456,0.0,0.0,0.0,0.0,0.0,0.6224593464909011,0.6367803966173643,-0.01432105012646323,0.0,0.0,0.0,0.0,0.0,0.0,0.0,0.0,0.0,0.0,0,0,results\safety\structured-state-robustness\runs\robotics-robot-y-plus-0p05-clipping-seed-456.json
robotics,robot_position,robot_y_plus_0p05,lyapunov,123,0.0,0.0,0.0,0.0,0.0,0.6735543929560401,0.7019945290536206,-0.02844013609758045,0.0,0.0,0.0,0.008,0.0041653324365615845,0.5332508087158203,0.0,1.0,0.0,0.0,0,0,results\safety\structured-state-robustness\runs\robotics-robot-y-plus-0p05-lyapunov-seed-123.json
robotics,robot_position,robot_y_plus_0p05,lyapunov,42,0.0,0.0,0.0,0.0,0.0,0.6208810544252954,0.6949329704464354,-0.07405191602114003,0.0,0.0,0.0,0.035,0.00944213330745697,0.5659023523330688,0.0,1.0,0.017,0.0,0,0,results\safety\structured-state-robustness\runs\robotics-robot-y-plus-0p05-lyapunov-seed-42.json
robotics,robot_position,robot_y_plus_0p05,lyapunov,456,0.0,0.0,0.0,0.0,0.0,0.6224593464909011,0.6367803966173643,-0.01432105012646323,0.0,0.0,0.0,0.0,0.0,0.0,0.0,1.0,0.0,0.0,0,0,results\safety\structured-state-robustness\runs\robotics-robot-y-plus-0p05-lyapunov-seed-456.json
robotics,robot_position,robot_y_plus_0p05,none,123,0.008,0.0085,-0.0005000000000000004,0.008,0.008,0.6335543929560401,0.6594945290536206,-0.025940136097580502,0.0,0.0,0.0,0.0,0.0,0.0,0.0,0.0,0.0,0.0,0,0,results\safety\structured-state-robustness\runs\robotics-robot-y-plus-0p05-none-seed-123.json
robotics,robot_position,robot_y_plus_0p05,none,42,0.035,0.0355,-0.0004999999999999935,0.018,0.0515,0.5307024480011843,0.602262889181277,-0.07156044118009275,0.0,0.0,0.0,0.0,0.0,0.0,0.0,0.0,0.0,0.0,0,0,results\safety\structured-state-robustness\runs\robotics-robot-y-plus-0p05-none-seed-42.json
robotics,robot_position,robot_y_plus_0p05,none,456,0.0,0.0,0.0,0.0,0.0,0.6224593464909011,0.6367803966173643,-0.01432105012646323,0.0,0.0,0.0,0.0,0.0,0.0,0.0,0.0,0.0,0.0,0,0,results\safety\structured-state-robustness\runs\robotics-robot-y-plus-0p05-none-seed-456.json
robotics,target_position,target_x_minus_0p05,clipping,123,0.0,0.0,0.0,0.0,0.0,0.7019842300103364,0.7019945290536206,-1.0299043284200948e-05,0.0,0.0,0.0,0.009,0.004711173295974732,0.5371718406677246,0.0,0.0,0.0,0.0,0,0,results\safety\structured-state-robustness\runs\robotics-target-x-minus-0p05-clipping-seed-123.json
robotics,target_position,target_x_minus_0p05,clipping,42,0.0,0.0,0.0,0.0,0.0,0.6969287729162871,0.694924909776604,0.0020038631396830375,0.0,0.0,0.0,0.041,0.009868903517723076,0.566826343536377,0.0,0.0,0.0,0.0,0,0,results\safety\structured-state-robustness\runs\robotics-target-x-minus-0p05-clipping-seed-42.json
robotics,target_position,target_x_minus_0p05,clipping,456,0.0,0.0,0.0,0.0,0.0,0.6345694317782957,0.6367803966173643,-0.0022109648390685743,0.0,0.0,0.0,0.0,0.0,0.0,0.0,0.0,0.0,0.0,0,0,results\safety\structured-state-robustness\runs\robotics-target-x-minus-0p05-clipping-seed-456.json
robotics,target_position,target_x_minus_0p05,lyapunov,123,0.0,0.0,0.0,0.0,0.0,0.7019842300103364,0.7019945290536206,-1.0299043284200948e-05,0.0,0.0,0.0,0.009,0.004711173295974732,0.5371718406677246,0.0,1.0,0.0,0.0,0,0,results\safety\structured-state-robustness\runs\robotics-target-x-minus-0p05-lyapunov-seed-123.json
robotics,target_position,target_x_minus_0p05,lyapunov,42,0.0,0.0,0.0,0.0,0.0,0.6969481750041762,0.6949329704464354,0.002015204557740735,0.0,0.0,0.0,0.041,0.00987543660402298,0.566826343536377,0.0,1.0,0.0225,0.0,0,0,results\safety\structured-state-robustness\runs\robotics-target-x-minus-0p05-lyapunov-seed-42.json
robotics,target_position,target_x_minus_0p05,lyapunov,456,0.0,0.0,0.0,0.0,0.0,0.6345694317782957,0.6367803966173643,-0.0022109648390685743,0.0,0.0,0.0,0.0,0.0,0.0,0.0,1.0,0.0,0.0,0,0,results\safety\structured-state-robustness\runs\robotics-target-x-minus-0p05-lyapunov-seed-456.json
robotics,target_position,target_x_minus_0p05,none,123,0.009,0.0085,0.0004999999999999987,0.009,0.009,0.6569842300103363,0.6594945290536206,-0.0025102990432842587,0.0,0.0,0.0,0.0,0.0,0.0,0.0,0.0,0.0,0.0,0,0,results\safety\structured-state-robustness\runs\robotics-target-x-minus-0p05-none-seed-123.json
robotics,target_position,target_x_minus_0p05,none,42,0.041,0.0355,0.005500000000000005,0.0185,0.063,0.6037279827030467,0.602262889181277,0.0014650935217697114,0.0,0.0,0.0,0.0,0.0,0.0,0.0,0.0,0.0,0.0,0,0,results\safety\structured-state-robustness\runs\robotics-target-x-minus-0p05-none-seed-42.json
robotics,target_position,target_x_minus_0p05,none,456,0.0,0.0,0.0,0.0,0.0,0.6345694317782957,0.6367803966173643,-0.0022109648390685743,0.0,0.0,0.0,0.0,0.0,0.0,0.0,0.0,0.0,0.0,0,0,results\safety\structured-state-robustness\runs\robotics-target-x-minus-0p05-none-seed-456.json
robotics,target_position,target_x_plus_0p05,clipping,123,0.0,0.0,0.0,0.0,0.0,0.7019679857839263,0.7019945290536206,-2.654326969431242e-05,0.0,0.0,0.0,0.0075,0.0038965511918067934,0.5301618576049805,0.0,0.0,0.0,0.0,0,0,results\safety\structured-state-robustness\runs\robotics-target-x-plus-0p05-clipping-seed-123.json
robotics,target_position,target_x_plus_0p05,clipping,42,0.0,0.0,0.0,0.0,0.0,0.6929752059656438,0.694924909776604,-0.0019497038109602682,0.0,0.0,0.0,0.018,0.009409503877162934,0.5656511783599854,0.0,0.0,0.0,0.0,0,0,results\safety\structured-state-robustness\runs\robotics-target-x-plus-0p05-clipping-seed-42.json
robotics,target_position,target_x_plus_0p05,clipping,456,0.0,0.0,0.0,0.0,0.0,0.6389015679071375,0.6367803966173643,0.0021211712897731827,0.0,0.0,0.0,0.0,0.0,0.0,0.0,0.0,0.0,0.0,0,0,results\safety\structured-state-robustness\runs\robotics-target-x-plus-0p05-clipping-seed-456.json
robotics,target_position,target_x_plus_0p05,lyapunov,123,0.0,0.0,0.0,0.0,0.0,0.7019679857839263,0.7019945290536206,-2.654326969431242e-05,0.0,0.0,0.0,0.0075,0.0038965511918067934,0.5301618576049805,0.0,1.0,0.0,0.0,0,0,results\safety\structured-state-robustness\runs\robotics-target-x-plus-0p05-lyapunov-seed-123.json
robotics,target_position,target_x_plus_0p05,lyapunov,42,0.0,0.0,0.0,0.0,0.0,0.6929752059656438,0.6949329704464354,-0.001957764480791657,0.0,0.0,0.0,0.018,0.009409503877162934,0.5656511783599854,0.0,1.0,0.0,0.0,0,0,results\safety\structured-state-robustness\runs\robotics-target-x-plus-0p05-lyapunov-seed-42.json
robotics,target_position,target_x_plus_0p05,lyapunov,456,0.0,0.0,0.0,0.0,0.0,0.6389015679071375,0.6367803966173643,0.0021211712897731827,0.0,0.0,0.0,0.0,0.0,0.0,0.0,1.0,0.0,0.0,0,0,results\safety\structured-state-robustness\runs\robotics-target-x-plus-0p05-lyapunov-seed-456.json
robotics,target_position,target_x_plus_0p05,none,123,0.0075,0.0085,-0.0010000000000000009,0.0075,0.0075,0.6644679857839262,0.6594945290536206,0.004973456730305581,0.0,0.0,0.0,0.0,0.0,0.0,0.0,0.0,0.0,0.0,0,0,results\safety\structured-state-robustness\runs\robotics-target-x-plus-0p05-none-seed-123.json
robotics,target_position,target_x_plus_0p05,none,42,0.018,0.0355,-0.017499999999999998,0.018,0.018,0.6029752059656437,0.602262889181277,0.0007123167843666733,0.0,0.0,0.0,0.0,0.0,0.0,0.0,0.0,0.0,0.0,0,0,results\safety\structured-state-robustness\runs\robotics-target-x-plus-0p05-none-seed-42.json
robotics,target_position,target_x_plus_0p05,none,456,0.0,0.0,0.0,0.0,0.0,0.6389015679071375,0.6367803966173643,0.0021211712897731827,0.0,0.0,0.0,0.0,0.0,0.0,0.0,0.0,0.0,0.0,0,0,results\safety\structured-state-robustness\runs\robotics-target-x-plus-0p05-none-seed-456.json
robotics,target_position,target_y_minus_0p05,clipping,123,0.0,0.0,0.0,0.0,0.0,0.6955611594799902,0.7019945290536206,-0.0064333695736303875,0.0,0.0,0.0,0.009,0.0047220087647438045,0.5382400751113892,0.0,0.0,0.0,0.0,0,0,results\safety\structured-state-robustness\runs\robotics-target-y-minus-0p05-clipping-seed-123.json
robotics,target_position,target_y_minus_0p05,clipping,42,0.0,0.0,0.0,0.0,0.0,0.6883779837229452,0.694924909776604,-0.006546926053658808,0.0,0.0,0.0,0.018,0.00939442253112793,0.5654127597808838,0.0,0.0,0.0,0.0,0,0,results\safety\structured-state-robustness\runs\robotics-target-y-minus-0p05-clipping-seed-42.json
robotics,target_position,target_y_minus_0p05,clipping,456,0.0,0.0,0.0,0.0,0.0,0.6342278852862551,0.6367803966173643,-0.0025525113311092307,0.0,0.0,0.0,0.0,0.0,0.0,0.0,0.0,0.0,0.0,0,0,results\safety\structured-state-robustness\runs\robotics-target-y-minus-0p05-clipping-seed-456.json
robotics,target_position,target_y_minus_0p05,lyapunov,123,0.0,0.0,0.0,0.0,0.0,0.6955611594799902,0.7019945290536206,-0.0064333695736303875,0.0,0.0,0.0,0.009,0.0047220087647438045,0.5382400751113892,0.0,1.0,0.0,0.0,0,0,results\safety\structured-state-robustness\runs\robotics-target-y-minus-0p05-lyapunov-seed-123.json
robotics,target_position,target_y_minus_0p05,lyapunov,42,0.0,0.0,0.0,0.0,0.0,0.6883779837229452,0.6949329704464354,-0.006554986723490197,0.0,0.0,0.0,0.018,0.00939442253112793,0.5654127597808838,0.0,1.0,0.0,0.0,0,0,results\safety\structured-state-robustness\runs\robotics-target-y-minus-0p05-lyapunov-seed-42.json
robotics,target_position,target_y_minus_0p05,lyapunov,456,0.0,0.0,0.0,0.0,0.0,0.6342278852862551,0.6367803966173643,-0.0025525113311092307,0.0,0.0,0.0,0.0,0.0,0.0,0.0,1.0,0.0,0.0,0,0,results\safety\structured-state-robustness\runs\robotics-target-y-minus-0p05-lyapunov-seed-456.json
robotics,target_position,target_y_minus_0p05,none,123,0.009,0.0085,0.0004999999999999987,0.009,0.009,0.6505611594799903,0.6594945290536206,-0.008933369573630334,0.0,0.0,0.0,0.0,0.0,0.0,0.0,0.0,0.0,0.0,0,0,results\safety\structured-state-robustness\runs\robotics-target-y-minus-0p05-none-seed-123.json
robotics,target_position,target_y_minus_0p05,none,42,0.018,0.0355,-0.017499999999999998,0.018,0.018,0.5983779837229453,0.602262889181277,-0.0038849054583317555,0.0,0.0,0.0,0.0,0.0,0.0,0.0,0.0,0.0,0.0,0,0,results\safety\structured-state-robustness\runs\robotics-target-y-minus-0p05-none-seed-42.json
robotics,target_position,target_y_minus_0p05,none,456,0.0,0.0,0.0,0.0,0.0,0.6342278852862551,0.6367803966173643,-0.0025525113311092307,0.0,0.0,0.0,0.0,0.0,0.0,0.0,0.0,0.0,0.0,0,0,results\safety\structured-state-robustness\runs\robotics-target-y-minus-0p05-none-seed-456.json
robotics,target_position,target_y_plus_0p05,clipping,123,0.0,0.0,0.0,0.0,0.0,0.7067346557883404,0.7019945290536206,0.004740126734719796,0.0,0.0,0.0,0.0075,0.003887496531009674,0.5290405750274658,0.0,0.0,0.0,0.0,0,0,results\safety\structured-state-robustness\runs\robotics-target-y-plus-0p05-clipping-seed-123.json
robotics,target_position,target_y_plus_0p05,clipping,42,0.0,0.0,0.0,0.0,0.0,0.7008359660591811,0.694924909776604,0.005911056282577043,0.0,0.0,0.0,0.0395,0.009802529081702227,0.5670936107635498,0.0,0.0,0.0,0.0,0,0,results\safety\structured-state-robustness\runs\robotics-target-y-plus-0p05-clipping-seed-42.json
robotics,target_position,target_y_plus_0p05,clipping,456,0.0,0.0,0.0,0.0,0.0,0.6393275772861875,0.6367803966173643,0.0025471806688232013,0.0,0.0,0.0,0.0,0.0,0.0,0.0,0.0,0.0,0.0,0,0,results\safety\structured-state-robustness\runs\robotics-target-y-plus-0p05-clipping-seed-456.json
robotics,target_position,target_y_plus_0p05,lyapunov,123,0.0,0.0,0.0,0.0,0.0,0.7067346557883404,0.7019945290536206,0.004740126734719796,0.0,0.0,0.0,0.0075,0.003887496531009674,0.5290405750274658,0.0,1.0,0.0,0.0,0,0,results\safety\structured-state-robustness\runs\robotics-target-y-plus-0p05-lyapunov-seed-123.json
robotics,target_position,target_y_plus_0p05,lyapunov,42,0.0,0.0,0.0,0.0,0.0,0.7008683809143849,0.6949329704464354,0.005935410467949431,0.0,0.0,0.0,0.0395,0.009812900602817535,0.5670936107635498,0.0,1.0,0.021,0.0,0,0,results\safety\structured-state-robustness\runs\robotics-target-y-plus-0p05-lyapunov-seed-42.json
robotics,target_position,target_y_plus_0p05,lyapunov,456,0.0,0.0,0.0,0.0,0.0,0.6393275772861875,0.6367803966173643,0.0025471806688232013,0.0,0.0,0.0,0.0,0.0,0.0,0.0,1.0,0.0,0.0,0,0,results\safety\structured-state-robustness\runs\robotics-target-y-plus-0p05-lyapunov-seed-456.json
robotics,target_position,target_y_plus_0p05,none,123,0.0075,0.0085,-0.0010000000000000009,0.0075,0.0075,0.6692346557883404,0.6594945290536206,0.0097401267347198,0.0,0.0,0.0,0.0,0.0,0.0,0.0,0.0,0.0,0.0,0,0,results\safety\structured-state-robustness\runs\robotics-target-y-plus-0p05-none-seed-123.json
robotics,target_position,target_y_plus_0p05,none,42,0.0395,0.0355,0.0040000000000000036,0.0185,0.06,0.6078912287543344,0.602262889181277,0.005628339573057417,0.0,0.0,0.0,0.0,0.0,0.0,0.0,0.0,0.0,0.0,0,0,results\safety\structured-state-robustness\runs\robotics-target-y-plus-0p05-none-seed-42.json
robotics,target_position,target_y_plus_0p05,none,456,0.0,0.0,0.0,0.0,0.0,0.6393275772861875,0.6367803966173643,0.0025471806688232013,0.0,0.0,0.0,0.0,0.0,0.0,0.0,0.0,0.0,0.0,0,0,results\safety\structured-state-robustness\runs\robotics-target-y-plus-0p05-none-seed-456.json
