domain,method,principal_seed,sigma,violation_step_rate,violation_delta_from_clean,critical_violation_step_rate,critical_delta_from_clean,constraint_violation_rate,constraint_delta_from_clean,reward,reward_delta_from_clean,success_rate,success_delta_from_clean,intervention_rate,mean_action_correction_l2,max_action_correction_l2,mean_noise_l2,strict_lyapunov_decrease_rate,lyapunov_nonincrease_rate,selected_lower_than_proposed_rate,emergency_fallback_rate,steps_object_grasped,source
autonomous_driving,none,42,0.0,0.0,0.0,0.0,0.0,0.0,0.0,-11.330714319001789,0.0,0.0,0.0,0.0,0.0,0.0,0.0,0.0,0.0,0.0,0.0,0,results\safety\baseline\runs\autonomous_driving-seed-42.json
autonomous_driving,none,123,0.0,0.839,0.0,0.0,0.0,0.839,0.0,-8.72040274432206,0.0,0.0,0.0,0.0,0.0,0.0,0.0,0.0,0.0,0.0,0.0,0,results\safety\baseline\runs\autonomous_driving-seed-123.json
autonomous_driving,none,456,0.0,0.33352272727272725,0.0,0.05965909090909091,0.0,0.48920454545454545,0.0,-7.549571968284115,0.0,0.15,0.0,0.0,0.0,0.0,0.0,0.0,0.0,0.0,0.0,0,results\safety\baseline\runs\autonomous_driving-seed-456.json
autonomous_driving,clipping,42,0.0,0.0,0.0,0.0,0.0,0.0,0.0,-11.330714319001789,0.0,0.0,0.0,0.0,0.0,0.0,0.0,0.0,0.0,0.0,0.0,0,results\safety\clipping\runs\autonomous_driving-seed-42.json
autonomous_driving,clipping,123,0.0,0.0,0.0,0.0,0.0,0.0,0.0,-8.588031328756164,0.0,0.0,0.0,0.839,0.2459494072794914,0.4394643306732178,0.0,0.0,0.0,0.0,0.0,0,results\safety\clipping\runs\autonomous_driving-seed-123.json
autonomous_driving,clipping,456,0.0,0.0,0.0,0.0,0.0,0.0,0.0,4.2810686987899205,0.0,1.0,0.0,0.4135,0.19892772370576858,0.5192502737045288,0.0,0.0,0.0,0.0,0.0,0,results\safety\clipping\runs\autonomous_driving-seed-456.json
autonomous_driving,lyapunov,42,0.0,0.0,0.0,0.0,0.0,0.0,0.0,-11.330714319001789,0.0,0.0,0.0,0.0,0.0,0.0,0.0,0.0,1.0,0.0,0.0,0,results\safety\lyapunov-driving\runs\autonomous_driving-seed-42.json
autonomous_driving,lyapunov,123,0.0,0.0,0.0,0.0,0.0,0.0,0.0,-8.588031328756164,0.0,0.0,0.0,0.839,0.2459494072794914,0.4394643306732178,0.0,0.0,1.0,0.0,0.0,0,results\safety\lyapunov-driving\runs\autonomous_driving-seed-123.json
autonomous_driving,lyapunov,456,0.0,0.0,0.0,0.0,0.0,0.0,0.0,4.2810686987899205,0.0,1.0,0.0,0.4135,0.19892772370576858,0.5192502737045288,0.0,0.0,1.0,0.0,0.0,0,results\safety\lyapunov-driving\runs\autonomous_driving-seed-456.json
robotics,none,42,0.0,0.0355,0.0,0.0185,0.0,0.052,0.0,0.602262889181277,0.0,0.0,0.0,0.0,0.0,0.0,0.0,0.0,0.0,0.0,0.0,0,results\safety\baseline\runs\robotics-seed-42.json
robotics,none,123,0.0,0.0085,0.0,0.0085,0.0,0.0085,0.0,0.6594945290536206,0.0,0.0,0.0,0.0,0.0,0.0,0.0,0.0,0.0,0.0,0.0,0,results\safety\baseline\runs\robotics-seed-123.json
robotics,none,456,0.0,0.0,0.0,0.0,0.0,0.0,0.0,0.6367803966173643,0.0,0.0,0.0,0.0,0.0,0.0,0.0,0.0,0.0,0.0,0.0,0,results\safety\baseline\runs\robotics-seed-456.json
robotics,clipping,42,0.0,0.0,0.0,0.0,0.0,0.0,0.0,0.694924909776604,0.0,0.0,0.0,0.0355,0.009699669793248171,0.5662872791290283,0.0,0.0,0.0,0.0,0.0,0,results\safety\clipping\runs\robotics-seed-42.json
robotics,clipping,123,0.0,0.0,0.0,0.0,0.0,0.0,0.0,0.7019945290536206,0.0,0.0,0.0,0.0085,0.004427627563476562,0.5337059497833252,0.0,0.0,0.0,0.0,0.0,0,results\safety\clipping\runs\robotics-seed-123.json
robotics,clipping,456,0.0,0.0,0.0,0.0,0.0,0.0,0.0,0.6367803966173643,0.0,0.0,0.0,0.0,0.0,0.0,0.0,0.0,0.0,0.0,0.0,0,results\safety\clipping\runs\robotics-seed-456.json
robotics,lyapunov,42,0.0,0.0,0.0,0.0,0.0,0.0,0.0,0.6949329704464354,0.0,0.0,0.0,0.0355,0.009701833069324494,0.5662872791290283,0.0,0.0,1.0,0.017,0.0,0,results\safety\lyapunov-robotics\runs\robotics-seed-42.json
robotics,lyapunov,123,0.0,0.0,0.0,0.0,0.0,0.0,0.0,0.7019945290536206,0.0,0.0,0.0,0.0085,0.004427627563476562,0.5337059497833252,0.0,0.0,1.0,0.0,0.0,0,results\safety\lyapunov-robotics\runs\robotics-seed-123.json
robotics,lyapunov,456,0.0,0.0,0.0,0.0,0.0,0.0,0.0,0.6367803966173643,0.0,0.0,0.0,0.0,0.0,0.0,0.0,0.0,1.0,0.0,0.0,0,results\safety\lyapunov-robotics\runs\robotics-seed-456.json
autonomous_driving,clipping,123,0.01,0.0,0.0,0.0,0.0,0.0,0.0,-8.627335248865862,-0.03930392010969719,0.0,0.0,0.826,0.24276177263259888,0.4387552738189697,0.01885684373881668,0.0,0.0,0.0,0.0,0,results\safety\gaussian-robustness\runs\autonomous-driving-clipping-seed-123-sigma-0p01.json
autonomous_driving,clipping,123,0.05,0.0,0.0,0.0,0.0,0.0,0.0,-8.72374327248333,-0.13571194372716633,0.0,0.0,0.7655,0.2308224923014641,0.46003270149230957,0.09426421787776053,0.0,0.0,0.0,0.0,0,results\safety\gaussian-robustness\runs\autonomous-driving-clipping-seed-123-sigma-0p05.json
autonomous_driving,clipping,123,0.1,0.0,0.0,0.0,0.0,0.0,0.0,-8.599275223433608,-0.011243894677443578,0.0,0.0,0.6885,0.2180804049372673,0.4982494115829468,0.18993146084621548,0.0,0.0,0.0,0.0,0,results\safety\gaussian-robustness\runs\autonomous-driving-clipping-seed-123-sigma-0p10.json
autonomous_driving,clipping,42,0.01,0.0,0.0,0.0,0.0,0.0,0.0,-11.299099054512856,0.03161526448893248,0.0,0.0,0.0,0.0,0.0,0.01870270391870872,0.0,0.0,0.0,0.0,0,results\safety\gaussian-robustness\runs\autonomous-driving-clipping-seed-42-sigma-0p01.json
autonomous_driving,clipping,42,0.05,0.0,0.0,0.0,0.0,0.0,0.0,-11.404036705971789,-0.07332238697000015,0.0,0.0,0.0,0.0,0.0,0.09350435075256973,0.0,0.0,0.0,0.0,0,results\safety\gaussian-robustness\runs\autonomous-driving-clipping-seed-42-sigma-0p05.json
autonomous_driving,clipping,42,0.1,0.0,0.0,0.0,0.0,0.0,0.0,-11.287350525499194,0.04336379350259456,0.0,0.0,0.0,0.0,0.0,0.18716779105365278,0.0,0.0,0.0,0.0,0,results\safety\gaussian-robustness\runs\autonomous-driving-clipping-seed-42-sigma-0p10.json
autonomous_driving,clipping,456,0.01,0.0,0.0,0.0,0.0,0.0,0.0,4.244515910463473,-0.03655278832644715,1.0,0.0,0.412,0.19772421830892564,0.5263690948486328,0.018924409234779886,0.0,0.0,0.0,0.0,0,results\safety\gaussian-robustness\runs\autonomous-driving-clipping-seed-456-sigma-0p01.json
autonomous_driving,clipping,456,0.05,0.0,0.0,0.0,0.0,0.0,0.0,4.024336858219965,-0.25673184056995524,1.0,0.0,0.4135,0.19758527582883834,0.5600625276565552,0.09454082110570744,0.0,0.0,0.0,0.0,0,results\safety\gaussian-robustness\runs\autonomous-driving-clipping-seed-456-sigma-0p05.json
autonomous_driving,clipping,456,0.1,0.0,0.0,0.0,0.0,0.0,0.0,3.7561863561545965,-0.524882342635324,1.0,0.0,0.413,0.19734126818180084,0.6512019634246826,0.18742600656766445,0.0,0.0,0.0,0.0,0,results\safety\gaussian-robustness\runs\autonomous-driving-clipping-seed-456-sigma-0p10.json
autonomous_driving,lyapunov,123,0.01,0.0,0.0,0.0,0.0,0.0,0.0,-8.627335248865862,-0.03930392010969719,0.0,0.0,0.826,0.24276177263259888,0.4387552738189697,0.01885684373881668,0.0,1.0,0.0,0.0,0,results\safety\gaussian-robustness\runs\autonomous-driving-lyapunov-seed-123-sigma-0p01.json
autonomous_driving,lyapunov,123,0.05,0.0,0.0,0.0,0.0,0.0,0.0,-8.72374327248333,-0.13571194372716633,0.0,0.0,0.7655,0.2308224923014641,0.46003270149230957,0.09426421787776053,0.0,1.0,0.0,0.0,0,results\safety\gaussian-robustness\runs\autonomous-driving-lyapunov-seed-123-sigma-0p05.json
autonomous_driving,lyapunov,123,0.1,0.0,0.0,0.0,0.0,0.0,0.0,-8.599275223433608,-0.011243894677443578,0.0,0.0,0.6885,0.2180804049372673,0.4982494115829468,0.18993146084621548,0.0,1.0,0.0,0.0,0,results\safety\gaussian-robustness\runs\autonomous-driving-lyapunov-seed-123-sigma-0p10.json
autonomous_driving,lyapunov,42,0.01,0.0,0.0,0.0,0.0,0.0,0.0,-11.299099054512856,0.03161526448893248,0.0,0.0,0.0,0.0,0.0,0.01870270391870872,0.0,1.0,0.0,0.0,0,results\safety\gaussian-robustness\runs\autonomous-driving-lyapunov-seed-42-sigma-0p01.json
autonomous_driving,lyapunov,42,0.05,0.0,0.0,0.0,0.0,0.0,0.0,-11.404036705971789,-0.07332238697000015,0.0,0.0,0.0,0.0,0.0,0.09350435075256973,0.0,1.0,0.0,0.0,0,results\safety\gaussian-robustness\runs\autonomous-driving-lyapunov-seed-42-sigma-0p05.json
autonomous_driving,lyapunov,42,0.1,0.0,0.0,0.0,0.0,0.0,0.0,-11.287350525499194,0.04336379350259456,0.0,0.0,0.0,0.0,0.0,0.18716779105365278,0.0,1.0,0.0,0.0,0,results\safety\gaussian-robustness\runs\autonomous-driving-lyapunov-seed-42-sigma-0p10.json
autonomous_driving,lyapunov,456,0.01,0.0,0.0,0.0,0.0,0.0,0.0,4.244515910463473,-0.03655278832644715,1.0,0.0,0.412,0.19772421830892564,0.5263690948486328,0.018924409234779886,0.0,1.0,0.0,0.0,0,results\safety\gaussian-robustness\runs\autonomous-driving-lyapunov-seed-456-sigma-0p01.json
autonomous_driving,lyapunov,456,0.05,0.0,0.0,0.0,0.0,0.0,0.0,4.024336858219965,-0.25673184056995524,1.0,0.0,0.4135,0.19758527582883834,0.5600625276565552,0.09454082110570744,0.0,1.0,0.0,0.0,0,results\safety\gaussian-robustness\runs\autonomous-driving-lyapunov-seed-456-sigma-0p05.json
autonomous_driving,lyapunov,456,0.1,0.0,0.0,0.0,0.0,0.0,0.0,3.7561863561545965,-0.524882342635324,1.0,0.0,0.413,0.19734126818180084,0.6512019634246826,0.18742600656766445,0.0,1.0,0.0,0.0,0,results\safety\gaussian-robustness\runs\autonomous-driving-lyapunov-seed-456-sigma-0p10.json
autonomous_driving,none,123,0.01,0.8295,-0.009499999999999953,0.0,0.0,0.8295,-0.009499999999999953,-8.758871646983867,-0.03846890266180658,0.0,0.0,0.0,0.0,0.0,0.01885684373881668,0.0,0.0,0.0,0.0,0,results\safety\gaussian-robustness\runs\autonomous-driving-none-seed-123-sigma-0p01.json
autonomous_driving,none,123,0.05,0.768,-0.07099999999999995,0.0,0.0,0.768,-0.07099999999999995,-8.85423914740187,-0.13383640307981004,0.0,0.0,0.0,0.0,0.0,0.09426421787776053,0.0,0.0,0.0,0.0,0,results\safety\gaussian-robustness\runs\autonomous-driving-none-seed-123-sigma-0p05.json
autonomous_driving,none,123,0.1,0.6905,-0.14849999999999997,0.0,0.0,0.6905,-0.14849999999999997,-8.731277076462316,-0.010874332140256016,0.0,0.0,0.0,0.0,0.0,0.18993146084621548,0.0,0.0,0.0,0.0,0,results\safety\gaussian-robustness\runs\autonomous-driving-none-seed-123-sigma-0p10.json
autonomous_driving,none,42,0.01,0.0,0.0,0.0,0.0,0.0,0.0,-11.299099054512856,0.03161526448893248,0.0,0.0,0.0,0.0,0.0,0.01870270391870872,0.0,0.0,0.0,0.0,0,results\safety\gaussian-robustness\runs\autonomous-driving-none-seed-42-sigma-0p01.json
autonomous_driving,none,42,0.05,0.0,0.0,0.0,0.0,0.0,0.0,-11.404036705971789,-0.07332238697000015,0.0,0.0,0.0,0.0,0.0,0.09350435075256973,0.0,0.0,0.0,0.0,0,results\safety\gaussian-robustness\runs\autonomous-driving-none-seed-42-sigma-0p05.json
autonomous_driving,none,42,0.1,0.0,0.0,0.0,0.0,0.0,0.0,-11.287350525499194,0.04336379350259456,0.0,0.0,0.0,0.0,0.0,0.18716779105365278,0.0,0.0,0.0,0.0,0,results\safety\gaussian-robustness\runs\autonomous-driving-none-seed-42-sigma-0p10.json
autonomous_driving,none,456,0.01,0.33181818181818185,-0.001704545454545403,0.05965909090909091,0.0,0.48920454545454545,0.0,-7.580409712971241,-0.0308377446871253,0.15,0.0,0.0,0.0,0.0,0.018867014766014604,0.0,0.0,0.0,0.0,0,results\safety\gaussian-robustness\runs\autonomous-driving-none-seed-456-sigma-0p01.json
autonomous_driving,none,456,0.05,0.3354143019296254,0.001891574656898154,0.05959137343927355,-6.771746981736049e-05,0.4875141884222474,-0.0016903570322980288,-7.735191891402646,-0.18561992311853093,0.15,0.0,0.0,0.0,0.0,0.09494480248339787,0.0,0.0,0.0,0.0,0,results\safety\gaussian-robustness\runs\autonomous-driving-none-seed-456-sigma-0p05.json
autonomous_driving,none,456,0.1,0.33200908059023837,-0.0015136466824888783,0.05959137343927355,-6.771746981736049e-05,0.48864926220204313,-0.0005552832525023144,-7.959714856710419,-0.41014288842630364,0.15,0.0,0.0,0.0,0.0,0.18685910851926152,0.0,0.0,0.0,0.0,0,results\safety\gaussian-robustness\runs\autonomous-driving-none-seed-456-sigma-0p10.json
robotics,clipping,123,0.01,0.0,0.0,0.0,0.0,0.0,0.0,0.7007750650695265,-0.0012194639840941157,0.0,0.0,0.0085,0.004422053754329682,0.5334157943725586,0.023420131465652957,0.0,0.0,0.0,0.0,0,results\safety\gaussian-robustness\runs\robotics-clipping-seed-123-sigma-0p01.json
robotics,clipping,123,0.05,0.0,0.0,0.0,0.0,0.0,0.0,0.6845167553109995,-0.01747777374262105,0.0,0.0,0.0085,0.00444909518957138,0.5514497756958008,0.11695905599277466,0.0,0.0,0.0,0.0,0,results\safety\gaussian-robustness\runs\robotics-clipping-seed-123-sigma-0p05.json
robotics,clipping,123,0.1,0.0,0.0,0.0,0.0,0.0,0.0,0.6510756274410028,-0.050918901612617806,0.0,0.0,0.0075,0.003995622098445892,0.567867636680603,0.23880277722235768,0.0,0.0,0.0,0.0,70,results\safety\gaussian-robustness\runs\robotics-clipping-seed-123-sigma-0p10.json
robotics,clipping,42,0.01,0.0,0.0,0.0,0.0,0.0,0.0,0.6948094464834619,-0.00011546329314215953,0.0,0.0,0.025,0.010488480657339094,0.5634680986404419,0.023706519036088138,0.0,0.0,0.0,0.0,0,results\safety\gaussian-robustness\runs\robotics-clipping-seed-42-sigma-0p01.json
robotics,clipping,42,0.05,0.0,0.0,0.0,0.0,0.0,0.0,0.787002046129746,0.09207713635314196,0.0,0.0,0.027,0.011877321794629095,0.5749236345291138,0.11626960591319949,0.0,0.0,0.0,0.0,60,results\safety\gaussian-robustness\runs\robotics-clipping-seed-42-sigma-0p05.json
robotics,clipping,42,0.1,0.0,0.0,0.0,0.0,0.0,0.0,0.8597165549631447,0.16479164518654066,0.0,0.0,0.0445,0.017271684199571605,0.612358808517456,0.23443997148796916,0.0,0.0,0.0,0.0,227,results\safety\gaussian-robustness\runs\robotics-clipping-seed-42-sigma-0p10.json
robotics,clipping,456,0.01,0.0,0.0,0.0,0.0,0.0,0.0,0.6367829686864632,2.5720690989272654e-06,0.0,0.0,0.0,0.0,0.0,0.023525232832180335,0.0,0.0,0.0,0.0,0,results\safety\gaussian-robustness\runs\robotics-clipping-seed-456-sigma-0p01.json
robotics,clipping,456,0.05,0.0,0.0,0.0,0.0,0.0,0.0,0.6211357554741814,-0.01564464114318287,0.0,0.0,0.0,0.0,0.0,0.11771223065908998,0.0,0.0,0.0,0.0,0,results\safety\gaussian-robustness\runs\robotics-clipping-seed-456-sigma-0p05.json
robotics,clipping,456,0.1,0.0,0.0,0.0,0.0,0.0,0.0,0.5378237294671548,-0.09895666715020945,0.0,0.0,0.001,0.0001943452358245847,0.22491306066513034,0.23961491640843452,0.0,0.0,0.0,0.0,0,results\safety\gaussian-robustness\runs\robotics-clipping-seed-456-sigma-0p10.json
robotics,lyapunov,123,0.01,0.0,0.0,0.0,0.0,0.0,0.0,0.7007750650695265,-0.0012194639840941157,0.0,0.0,0.0085,0.004422053754329682,0.5334157943725586,0.023420131465652957,0.0,1.0,0.0,0.0,0,results\safety\gaussian-robustness\runs\robotics-lyapunov-seed-123-sigma-0p01.json
robotics,lyapunov,123,0.05,0.0,0.0,0.0,0.0,0.0,0.0,0.6845167553109995,-0.01747777374262105,0.0,0.0,0.0085,0.00444909518957138,0.5514497756958008,0.11695905599277466,0.0,1.0,0.0,0.0,0,results\safety\gaussian-robustness\runs\robotics-lyapunov-seed-123-sigma-0p05.json
robotics,lyapunov,123,0.1,0.0,0.0,0.0,0.0,0.0,0.0,0.6510756274410028,-0.050918901612617806,0.0,0.0,0.0075,0.003995622098445892,0.567867636680603,0.23880277722235768,0.0,1.0,0.0,0.0,70,results\safety\gaussian-robustness\runs\robotics-lyapunov-seed-123-sigma-0p10.json
robotics,lyapunov,42,0.01,0.0,0.0,0.0,0.0,0.0,0.0,0.69485148069471,-8.14897517253943e-05,0.0,0.0,0.0235,0.010498761922121048,0.5634680986404419,0.023706519036088138,0.0,1.0,0.0035,0.0,0,results\safety\gaussian-robustness\runs\robotics-lyapunov-seed-42-sigma-0p01.json
robotics,lyapunov,42,0.05,0.0,0.0,0.0,0.0,0.0,0.0,0.7871312794150863,0.09219830896865089,0.0,0.0,0.0255,0.011930396735668182,0.5749236345291138,0.11626960591319949,0.0,1.0,0.003,0.0,60,results\safety\gaussian-robustness\runs\robotics-lyapunov-seed-42-sigma-0p05.json
robotics,lyapunov,42,0.1,0.0,0.0,0.0,0.0,0.0,0.0,0.8607602412108317,0.1658272707643963,0.0,0.0,0.039,0.017705756694078447,0.612358808517456,0.23443997148796916,0.0,1.0,0.009,0.0,227,results\safety\gaussian-robustness\runs\robotics-lyapunov-seed-42-sigma-0p10.json
robotics,lyapunov,456,0.01,0.0,0.0,0.0,0.0,0.0,0.0,0.6367829686864632,2.5720690989272654e-06,0.0,0.0,0.0,0.0,0.0,0.023525232832180335,0.0,1.0,0.0,0.0,0,results\safety\gaussian-robustness\runs\robotics-lyapunov-seed-456-sigma-0p01.json
robotics,lyapunov,456,0.05,0.0,0.0,0.0,0.0,0.0,0.0,0.6211357554741814,-0.01564464114318287,0.0,0.0,0.0,0.0,0.0,0.11771223065908998,0.0,1.0,0.0,0.0,0,results\safety\gaussian-robustness\runs\robotics-lyapunov-seed-456-sigma-0p05.json
robotics,lyapunov,456,0.1,0.0,0.0,0.0,0.0,0.0,0.0,0.537864920899583,-0.09891547571778125,0.0,0.0,0.001,0.0003043849468231201,0.3628721237182617,0.23961491640843452,0.0,1.0,0.001,0.0,0,results\safety\gaussian-robustness\runs\robotics-lyapunov-seed-456-sigma-0p10.json
robotics,none,123,0.01,0.0085,0.0,0.0085,0.0,0.0085,0.0,0.6582750650695265,-0.0012194639840941157,0.0,0.0,0.0,0.0,0.0,0.023420131465652957,0.0,0.0,0.0,0.0,0,results\safety\gaussian-robustness\runs\robotics-none-seed-123-sigma-0p01.json
robotics,none,123,0.05,0.0085,0.0,0.008,-0.0005000000000000004,0.0085,0.0,0.6420167553109996,-0.01747777374262105,0.0,0.0,0.0,0.0,0.0,0.11695905599277466,0.0,0.0,0.0,0.0,0,results\safety\gaussian-robustness\runs\robotics-none-seed-123-sigma-0p05.json
robotics,none,123,0.1,0.0075,-0.0010000000000000009,0.0065,-0.002000000000000001,0.0075,-0.0010000000000000009,0.6135756274410027,-0.04591890161261791,0.0,0.0,0.0,0.0,0.0,0.23880277722235768,0.0,0.0,0.0,0.0,70,results\safety\gaussian-robustness\runs\robotics-none-seed-123-sigma-0p10.json
robotics,none,42,0.01,0.037,0.0015000000000000013,0.02,0.0015000000000000013,0.0425,-0.009499999999999995,0.5945077048568602,-0.007755184324416797,0.0,0.0,0.0,0.0,0.0,0.023706519036088138,0.0,0.0,0.0,0.0,0,results\safety\gaussian-robustness\runs\robotics-none-seed-42-sigma-0p01.json
robotics,none,42,0.05,0.0325,-0.0029999999999999957,0.021,0.0025000000000000022,0.035,-0.016999999999999994,0.6741498384550947,0.07188694927381767,0.0,0.0,0.0,0.0,0.0,0.11626960591319949,0.0,0.0,0.0,0.0,60,results\safety\gaussian-robustness\runs\robotics-none-seed-42-sigma-0p05.json
robotics,none,42,0.1,0.075,0.0395,0.021,0.0025000000000000022,0.14,0.08800000000000002,0.6983282805298976,0.09606539134862058,0.0,0.0,0.0,0.0,0.0,0.23443997148796916,0.0,0.0,0.0,0.0,227,results\safety\gaussian-robustness\runs\robotics-none-seed-42-sigma-0p10.json
robotics,none,456,0.01,0.0,0.0,0.0,0.0,0.0,0.0,0.6367829686864632,2.5720690989272654e-06,0.0,0.0,0.0,0.0,0.0,0.023525232832180335,0.0,0.0,0.0,0.0,0,results\safety\gaussian-robustness\runs\robotics-none-seed-456-sigma-0p01.json
robotics,none,456,0.05,0.0,0.0,0.0,0.0,0.0,0.0,0.6211357554741814,-0.01564464114318287,0.0,0.0,0.0,0.0,0.0,0.11771223065908998,0.0,0.0,0.0,0.0,0,results\safety\gaussian-robustness\runs\robotics-none-seed-456-sigma-0p05.json
robotics,none,456,0.1,0.0025,0.0025,0.0,0.0,0.003,0.003,0.5377108126747852,-0.09906958394257914,0.0,0.0,0.0,0.0,0.0,0.23961491640843452,0.0,0.0,0.0,0.0,0,results\safety\gaussian-robustness\runs\robotics-none-seed-456-sigma-0p10.json
